title,year,director
Proshongshay Ponchomukh,2019,Mohidul Mohim
Sikandar BoxSikandar Box Ekhon Cox's Bazare: Part 2,2012,Sagar Jahan
Roop,2017,Vicky Zahed
Dumurer Phul,1978,Subhash Dutta
Kothin Bastob,2001,Montazur Rahman Akbar
Beporoa,1992,Kabir Anwar
Ki Je Kori,1976,Zahirul Haque
Monimala,1970,Dilip Shom
Father of the Nation,,Asif Akbar
Bahana,1965,Zahir Raihan
Sagar,1965,Ehtesham
Drisrtikon 2: Circle of Life,2021,Najiur Rahman Shaown
Supta Bashona,2017,Azizul Hakim
Dancing Boy,2021,Asif Tanzir
Micromax Asia Cup T20,2016,
Invading Privacy,,
Ki Kore Bolbo by Maruf Khan Ovi,2017,Maruf Khan Ovi
Geet Kahin Sangeet Kahin,1969,Mohsin
Chander Moto Bou,2009,Mohammad Hossain
Lots of love,2021,Preety Dutta
Sikandar BoxSikandar Box Ekhon Cox's Bazare: Part 3,2012,Sagar Jahan
Sooye Nadiya Jaage Pani,1968,Khan Ataur Rahman
Akoshat,2020,Shumon Akash
Arman,2002,Montazur Rahman Akbar
Rules,2014,Razid Season
Mayar Songsar,1969,Mustafa Mehmood
Dohai Doyal,2020,Debashis Das
A Facebook Love Story,2016,Md. Robiul Islam
Tum Mere Ho,1968,Suroor Barabankvi
The Disguise,2012,Vicky Zahed
The Making of Cycle,2011,Moheen Reeyad
Kilo Flight,2021,Samrat
My Darling,,Montazur Rahman Akbar
Chelekhela,2019,Bashar Georgis
Prothom Upohar(First Gift),2019,Ishtiaque Mir
Bhoyongkor Bishu,1999,Montazur Rahman Akbar
Beat Baja,2021,Kaniz Fatema
Lost Mountain,2021,Hasin Mahtab
Ghar Amar Ghar,1990,Belal Ahmed
Honour of Love,2017,Md. Shoriful Islam Rubel
E Jibon Tomar Amar,1997,Jakir Hossain Raju
Silence A Story based on a Cancer Life,2016,Partho Paulinews Folia
2004 ICC Under-19 World Cup,2004,
Birangona Sokhina,1989,Matin Rahman
Aj Jonmodin Tomar,2017,Saiful Fardin
Oddhay Char Gol Jog,2018,Azman Rusho
Detective,2018,Tapan Ahmed
Sadhu Shoitan,1975,Zahirul Haque
The Matha Nosto Beats,2020,Abu Zahid Jakaria Partho
Kagoje Likho Na,2017,Sumon Reza
Na Bolona,2006,Didarul Alam Badal
Taka Ana Pai,1970,Babul Chowdhury
My Migrant Soul,2001,Yasmine Kabir
Shikhandi Kotha,2013,Mohammad Hannan
Jiboner Gurranty Nai,2004,Montazur Rahman Akbar
Shudhu Tomar Jonno,2020,Rakesh Basu
Rupar Nupur,2016,Habib Shakil
Please Be Mine,2018,Mabrur Rashid Bannah
Journey,2020,Ananyo Mamun
Doll's House,2007,Afsana Mimi
Mohana,1983,Alamgir Kabir
Duhshahosh,1994,Shahidul Islam Khokon
Tale of an Ecliptic Time,2018,Zayed Siddiki
Kajol Rekha,1976,Safdar Ali Bhuiyan
Jogajog,1988,Moinul Husain
Sikandar,1979,Nur Hossain Bolai
Untouchable Life,,Abdur Rahim
Lokkhir Songsar,1992,Mohammad Monowar Hossain
Shagor Video House,2017,Parthib Mamun
71 Er Ma Jononi,2014,Shah Alam Kiron
Triratna,1974,Khan Ataur Rahman
Zinc Lady,2017,Sharif Mohammad Tasneem
Kuli,1967,Mustafizul Haq
Koli 2.0,2018,Abrar Athar
Jok - It's Not Her Fault,2019,Partho Paulinews Folia
The Facebook Commentators,2021,Riyad
Hoosh,2020,Adittya
Romonthon,2017,Irfan Faheem
Story of a Black River,2018,MD Sabbir
Life in Other Words,2017,Abrar Athar
Bhaier Biye,2020,Prottoy Heron
Humayun Azad Bohumatrik Jotirmoy,1999,Mamunur Rahman Khan
Lives Behind Garbage,2013,Zayed Siddiki
Bidrohi Padma,2006,Badol Khandokar
Foul,2006,Iftekhar Ahmed Fahmi
Bicchu,,
Nazma,1983,Subhash Dutta
Perfect Husband,2019,Noyeem Imtiaz Neamul
The Final Bell,2021,Omar Faruq Komol
Gopono Kothati Robe Na Gopone,2021,Keemia Shaadat
Hortal,2012,Gaushey Shahariar
Pagol Kore Ador Kore,2019,Ananyo Mamun
Cheyecho Jokhon,2016,Farhad Ahmed
Hawa Ghar,1999,Amitabh Reza Chowdhury
Neera,2017,Aurnob Hasnat
Potongo,2020,Rafat Mazumdar Rinku
Parashmoni,1968,Zahir Chowdhury
Rupgawal,2013,Habibur Rahman Habib
Tithir's Blue Towel,2015,
Sikandar BoxSikandar Box Ekhon Cox's Bazare: Part 4,2012,Sagar Jahan
Madman Wonderland,2020,
Come from Bidesh,2017,Mohammed Yeasin
Dui din dui raat,2021,Biswajit Dutta
18's LOVE,2021,Abid Hassan
Behula,1966,Zahir Raihan
Makeup girl,2020,Osman Miraz
Obujh Mon,2020,
Action,2020,Vicky Zahed
Dai Mukti,,Kamol Sarkar
Aka Baka,1970,Babul Chowdhury
Kancher Deyal,1963,Zahir Raihan
Bostrobalikara: Garment Girls of Bangladesh,2007,Tanvir Mokammel
Borosha,2017,Animesh Aich
Shakti,1984,Ehtesham
Babar Jonno Judhdho,2008,Montazur Rahman Akbar
Kukkhato Khuni,2000,Montazur Rahman Akbar
Bhashajoyita,2008,Shabnam Ferdousi
Restoring Sight in Bangladesh,2012,Tatiana McCabe
System,2006,Zillur Rahman
Sukumar,2020,Shiblul Haque Shuvon
A Night & Love Story,2015,Sazzad Khan
Jaan Kurbaan,2011,M.B. Manik
Ondho Bishwas,1992,Matin Rahman
Montri Mohodoyer Agomon Shubheccha Shagotom,2008,Humayun Ahmed
Allah Meherban,1981,Mohsin
Kittonkhola,2000,Abu Sayeed
The Flask,2012,Hasanul Huq Jacky
Kolongkini,1980,Al Mujahid
Bir Purush,1988,Shahidul Islam Khokon
Shopnanuvuti,2014,Sabbir Ahmed
Shopno Diye Ghera,1973,Hashmot
Lompot,1996,Shahidul Islam Khokon
Tukhor: Operation Club D,2017,Mejanur Rahman Labu
The Shoemaker Life,2014,Rezwan Shiddique Orno
Is He Not Human?,2015,Raj Khan
Message in the Fortune Cookie,2016,Golam Mustofa
Syed Barir Bou,2021,Idris Haider
Phir Milengey Hum Dono,1966,Syed Shamsul Haque
Hearts in the Dust,2018,Tommaso Cotronei
River & Friendship,2021,Asif Tanzir
Try,2010,Arifur Rahman
"Afsan's Long Day (The Young Man Was, Part 2)",2014,Naeem Mohaiemen
Debbu,2015,Sumon Reza
Kokhono Asheni,1961,Zahir Raihan
Bhai,2019,Shouvik Ahmed
Pakhal,2013,Montazur Rahman Akbar
Cyclone (song by Rakib Hasan),2021,Rakib Hasan
Shohore Otithi Pakhi,2018,B.U. Shuvo
Je Agune Puri,1970,Amir Hossain
Bharate Bari,1975,Ezaz Khan
Shimana Periye,1977,Alamgir Kabir
Pori O Panir Botol,2020,Mashum Shahreear
Beder Meye Josna,1989,Tojammel Haque Bokul
The peace,2019,Ananyo Mamun
Missing,2016,Kazi Muntasir
Insomnia an Inspiration Short Film,2015,Partho Paulinews Folia
Jani Dushman,2020,Prottoy Heron
Bracelet,2013,Montazur Rahman Akbar
Sikandar BoxSikandar Box Ekhon Cox's Bazare: Part 5,2012,Sagar Jahan
Habib Wahid: Cholo Na,2018,Taneem Rahman Angshu
Big Boss,2003,Montazur Rahman Akbar
Rudro,2016,Sayem Zafar Imami
Top Hero,2010,Montazur Rahman Akbar
Duniya,2009,Sharbari Z. Ahmed
Akkel Alir Nirbachon,2008,Zillur Rahman
Kotha Ache,2013,Monir Hossain Jibon
Konnadaan,1995,Delwar Jahan Jhantu
Irina,2020,Vicky Zahed
Streer Paona,1991,Sheikh Nazrul Islam
Prem Potro,2017,Mabrur Rashid Bannah
Boundule,2018,Gmc Sohan
Dharapat,1963,Salahuddin
Sikandar BoxSikandar Box Ekhon Cox's Bazare: Part 6,2012,Sagar Jahan
Tahar Prappo Se Bujhiya Pailo,2016,
Harano Sur,1987,Narayan Ghosh Mita
Mister X,2013,Muhammad Altamish Nabil
Lost Soul Trap,2020,Sayef Turan
Keyamot,2003,Raju Chowdhury
Chakkar,1996,S.I. Dolon Chowdhury
Pani Baba,2017,Sohel Ali
Bhalobasa Mitthe,2020,Fahrian Chowdhury Tonmoy
Dui Poysar Alta,1982,Amjad Hossain
Bojhena Se Bojhena,2015,Montazur Rahman Akbar
Mystic Realm,2017,Monjurul Haque
Moheshkhalir Bake,1978,Delwar Jahan Jhantu
Badhon Hara,1981,A.J. Mintu
Modhorater Otithi,2017,Mezbah Uddin Sumon
Epar Opar,1975,Sohel Rana
Balaka Mon,1973,Subhash Dutta
Marin's Collection,2016,S.M. Ismail
One Day of Aslam,2021,Ishtiyak Ahmad Zihad
Lost in the Black Hole,2019,Salman Aziz
Momer Alo,1968,Mustafa Mehmood
Shesh Ichchha,2017,Eline Khan
Bijli,1969,Mustafizul Haq
Premer Age Kichukhon,2020,Mohammad Rony
Abujh Bou,2010,Nargis Akter
Chotto Sangsar,2011,Montazur Rahman Akbar
Orthohin,2017,Parag Biswas
Bhalobashi Ajo,2017,Nazmul Haque Bappy
Do or Die,,Dipankar Dipon
Once Upon a Time in a Country,2013,Rawyan Shayema
Cetonay Ekush,2018,Parag Biswas
Amader Golpo,2012,Iftekhar Ahmed Fahmi
Mohanogor,1981,Azizur Rahman
Amar Ontore Tumi,1996,M.M. Sarkar
Smile with Love,2013,Shahla Rodoshee
Fakir Majnu Shah,1978,Darashiko
Kalachan Knows Nothing About Love,2015,
Dhaka 2.00,2017,Iqbal Hossain Chowdhury
Sikandar BoxSikandar Box Ekhon Pagol Pray 1,2012,Sagar Jahan
Mia Bhai,1990,Chashi Nazrul Islam
Lal Nil,2020,Adil Khan
Iccha Puron,2021,Tasrif Khan
Ebra Ka Debra,2016,Farhad Ahmed
Bhawal Sannyasi,1966,Rounak Chowdhury
Tomar Amar,1961,Mohiuddin Ahmad
Bichchu Bahini,2001,Rubel
Mrittika Maya,2013,Gazi Rakayet
Al-Badar,2011,Fakhrul Arefeen Khan
A Perfect Murder,2021,Ashwash M.A. Chowdhury
Network Pacchi Na,2020,Mahmud Niaz Chandradip
Lalon,2004,Tanvir Mokammel
Joddha,2000,Shahidul Islam Khokon
Waiting Room,2004,Mostofa Sarwar Farooki
Sikandar BoxSikandar Box Ekhon Pagol Pray 2,2012,Sagar Jahan
Something I didn't want,2021,Hasin Mahtab
Ekti Aloukik Vromon Kahini,2015,Humayun Ahmed
Nadi O Nari,1965,Sadiq Khan
Ekattorer Jishu,1993,Nasiruddin Yousuff
Testimony of a Thread,2015,Kamar Ahmad Simon
Mastaner Upor Mastan,2002,Montazur Rahman Akbar
Faith,2012,
Naach Ghar,1963,Abdul Jabbar Khan
Nach Nagina Nach,1993,Delwar Jahan Jhantu
Most Beautiful Police Lines of Bangladesh,2018,Borhan Khan
Swami Streer Wada,2009,P.A. Kajal
Dolna,1990,Shibli Sadique
Chitkini,2017,Sajedul Awwal
Dead's Circus,2015,Faridul Ahasan Shourav
The Tour of Dream (Shopnojatra),2011,Shahla Rodoshee
Dhoni Gareeb,1987,Malek Afsari
Khonikaloy,2016,Rahmatullah Tuhin
Jowar Elo,1962,Abdul Jabbar Khan
Teer Bhanga Dheu,1975,Safdar Ali Bhuiyan
Shironamhin: Jadukor,2017,Ashraf Shishir
Goriber Bou,1990,Kamal Ahmed
Kashem Malar Prem,1991,Mostofa Anwar
Jannat,2020,Antic Sarker
Chader Chada,2018,Shahnewaz Ripon
Tears Is Not Enough,2013,Nahid Hasnat
Oshomvabito: Unforeseen,2018,Ashikur Rahman
Chandralekha,1980,Ishtiaque
Shongshoy,2005,Giasuddin Selim
Sikandar BoxSikandar Box Ekhon Pagol Pray 3,2012,Sagar Jahan
Pakhi Ebong Manushera,2013,Montazur Rahman Akbar
Moger Mullok,1999,Montazur Rahman Akbar
Pran Kokila,2018,Rounok Shahriar Aayat
Death of a Poet,2017,Abu Sayeed
Dadu Amake Dekhte Dao TVC,2016,Ali Arnab
Ballyo Bondhu,1968,Amjad Hossain
Uttarer Sur,2012,Shahneoyaj Cacoly
Nirman-er Taraka,2010,Russel Mahbub
Shesh Prapti,2017,
The Speech,2012,Fakhrul Arefeen Khan
Utthan Poton,1992,Shahidul Islam Khokon
CasualSatu,2020,Kamruzzaman Satu
Raja Sanyasi,1966,Khan Ataur Rahman
Indebted to You,2015,
Proshanto Neel Jole,2019,Azizul Hakim
Pistachio Milk,2012,Avram Dodson
...EBONG KANNA,2010,Hossain Maruf
HERO Eid TVC,2019,Vinay Jaiswal
Unexpected Crisis,2019,Mahmudur Rahman Himi
Dhakapocalypse,2016,Fuad Naser
Bandhan,2017,Ananya Mamun
Falafel Sundays,2020,Pracheta Ahana Alam
Boishakhi Gan,2012,Daniel Nuss
Chol Jai,2020,Masuma Rahman Tani
The Last Frigate,2015,Benny Winslow
Bouer Somman,2003,Montazur Rahman Akbar
Rajkumari Chandraban,1979,Shahidul Amin
Mrittur Fad,2009,Anwar Choudhury Jibon
Badass Girlfriend,2021,Mohammad Ridoy
Dehorokkhi: The Bodyguard,2013,Iftakar Chowdhury
Agnishikha,1978,Azizur Rahman
Sikandar BoxSikandar Box Ekhon Pagol Pray 4,2012,Sagar Jahan
Khondo Golpo 1971,2011,Badrul Anam Saud
Action Lady,2005,Montazur Rahman Akbar
Remakri Bandarban the TEAM,2019,Kawsar Dxo
Chhando Hariye Gelo,1972,S.M. Shafi
Side Effect,2020,Mohidul Mohim
Tumi Kato Sundor,2008,Abid Hasan Badal
Educaion or Humanity,2016,Istiak Ahmed Rhedoy
Water,2019,Saiyeed Shahjada Al Kareem
Chupkotha,2018,Mehedi Hasan Jony
Deshpremik,1994,Kazi Hayat
Ye Bhi Ek Kahani,1964,S.M. Shafi
Under the Clouds of Love,2012,Mahdy Hasan
Greenland Training Center,2015,Montazur Rahman Akbar
Buker Bhetor Kichu Pathor Thaka Valo,2017,Tanvir Ahsan
Tiner Tolowar,2005,Ashutosh Sujon
Sajano Bagan,1990,Narayan Ghosh Mita
Bachelor Dj Party,2019,Shahid-Un-Nabi
Valobasa tarpor,2020,Raifat Adnan Papon
Debu,2017,Alip Roy
Nishigondha,2020,Hasan Rezaul
Sin by Birth,2021,Asif Tanzir
Bunker Alfa Vault - CODE (The Last Day on Earth),1920,Zr Saimun
X Boyfriend,2019,Kajal Arefin Ome
Lottery,2021,Asif Tanzir
Banglar Nayok,1995,Dewan Nazrul
Durnam,1989,Shibli Sadique
Anjuman,1995,Hafiz Uddin
Saajghor,2007,Shah Alam Kiron
Tofael: The Tea Stall Boy,2013,Minhazur Rahman Nayan
Vabuk II,2012,Muhammad Altamish Nabil
#HashTag,2019,Imraul Rafat
Elomelo,2016,Mostafiz Mortoza
Matir Pahar,1959,Mohiuddin Ahmad
Asha,1983,Sheikh Nazrul Islam
Nikah,1989,Rahman
Boss Number One,2011,Mohammad Hossain
Indie Trap,2021,Tasin M Alif
Golapi Ekhon Bilatey,2010,Amjad Hossain
Bonur Golpo,1999,Humayun Ahmed
Akankha,1976,Subhash Dutta
Meghmallar,2014,Zahidur Rahim Anjan
Mem Saheb,2008,S.A. Haque Olike
Bokul kotha,2019,Osman Miraz
Alibaba,1967,Nazrul Islam
Arunodoyer Tarun Dol,2012,Sameer Ahmed
Sotter Shongram,1998,Zillur Rahman
Kanchanmala,1967,Safdar Ali Bhuiyan
My Father Mujib,2021,Sohel Mohammad Rana
Murir Tin,2005,Iftekhar Ahmed Fahmi
Ghor,2020,Abul Hasnat Ashik
Chhobol,1989,Mukta Chowdhury
Jontor Montor,1982,Azizur Rahman
Sikandar BoxSikandar Box Ekhon Pagol Pray 5,2012,Sagar Jahan
Chena Ochena,2016,Sokal Ahmed
Mr. K,2021,Shoujonno Adhikary
Byathar Daan,1989,Kamal Ahmed
Pret,2001,Ahir Alam
Sesh Fuler Abdar,2020,Parag Biswas
Bijoyini Sonavan,1979,Fayez Chowdhury
Love You Dhaka,,Proshoon Rahman
Choturtha Matra,2001,Nurul Alam Atique
Projapoti,2011,Muhammad Mostafa Kamal Raz
Love Series: AYNA,2019,Smak Azad
20 continuous shots followed by Siddhartha,2016,Abid Hossain Khan
Top Rangbaaz,1991,Shahidul Islam Khokon
Karwaan,1964,S.M. Pervaiz
Fera,2013,Mafh Ruheen
Thekao Mastan,2001,Malek Afsari
Nayanmoni,1976,Amjad Hossain
One Way,2016,Iftakar Chowdhury
Valobashar Gusti kilai,2017,Akash Goswami
Madhatter's Master,2021,Shirsendu Mondol
Amra Jege Achi,2010,Humayun Ahmed
Baghini Konna,1996,Montazur Rahman Akbar
Didar,1987,Sheikh Nazrul Islam
Mardanga,2007,Apurbo Rana
Bhalobasha Bivrat,2017,Parthib Mamun
Projapoti Mon,2020,Ruman Runi
Kagojer Nouka,1966,Subhash Dutta
Sabdhan Sontrasi,2006,M.A. Rahim
Onte Boshonto,2001,Hanif Sanket
Laboni,2021,Shuvroh Ahmed
Sishur Dekha 71,,Borhan Khan
Tumi Robe Arale,2017,Hosne Rabbani Shahin
Boshonto by Shantoneel Dhar,2017,Ali Arnab
The Dustbin Connection,2019,Asif Jahangir Arko
Uljhan,1967,Azhar Hussain
Sikandar BoxSikandar Box Ekhon Pagol Pray 6,2012,Sagar Jahan
Vinno shohor,2019,Osman Miraz
Janani,1977,Sirajul Islam
Ghrina,1994,Malek Afsari
Rahim Badshah O Rupban,1966,Safdar Ali Bhuiyan
Louis Kahn's Tiger City,2019,Sundaram Tagore
Jollad,2019,Osman Miraz
Podorekha Jotishbid,2014,A.K. Shubha
Ayna,2018,Habib Shakil
Shankhonad,2005,Abu Sayeed
Mad Saint of Bengal,,Kazi Riad Omar
Dur-Alapon,2018,Asif Jahangir Arko
Thua,2006,Ishtiaq Ahmed Rumel
Time & Again,2012,Bidrohi Dipon
Aguner Alo,1978,Alamgir Kumkum
Ghatok,1994,Shahidul Islam Khokon
Din Jai Kotha Thakey,1979,Khan Ataur Rahman
Hunger & Love: Tobu O Bhalobasha,2017,Swapan Ahmed
Shaadi,1964,Kaiser Pasha
Ekhono Onek Raat,1997,Khan Ataur Rahman
Ajker Somaj,2004,Nazrul Islam Khan
Five Rifles,1997,Delwar Jahan Jhantu
Cafeteria Periye,2020,Ashraf Shishir
Ka Kha Ga Gha Umo,1970,Narayan Ghosh Mita
Shahana and Her Friends,2015,Mohammad Shihab Uddin
Loss Project,2006,Iftekhar Ahmed Fahmi
Vabuk,2011,Bidrohi Dipon
Inshaa Allah,2021,Shovon Ahmed
Mon Oborodh,2021,Muhtasim Taqi
Top Somrat,2003,Montazur Rahman Akbar
720 Degrees,2010,Ishtiaque Zico
Aalo,2017,Vicky Zahed
Jinjir,1979,Dilip Biswas
Inside the Sanctuary,,Nazmul Islam Lalien
One Way Road,2014,Ferdous Reza
Feelings Ariyan Mehedi,2021,Ariyan Mehedi
The Last Rites,2008,Yasmine Kabir
Ghatona Samanno,1997,Humayun Ahmed
Dossu Bonhur,1976,Sarothi
Suprovat,1976,Kabir Anwar
Moving Canvas,2016,Mridul Mamun
Bhaiya,2019,Sazzad Shuman
Vantadot,2019,Sabbir Ahmed
Osru Diye Lekha,1972,Kamal Ahmed
Sikandar BoxSikandar Box Er Hawai Gari 1,2012,Sagar Jahan
Sabuj Prem The Green Love,2018,Borhan Khan
Megher Koley Rod,2008,Nargis Akter
Akheri Nishan,1980,Shamsuddin Tagar
Home Alone,2014,Rafin Jobaer
Jonakir Aalo,2014,Khalid Mahmood Mithu
Kanamachi,2019,Osman Miraz
Mohua,1966,Ali Monsur
Tiger,1997,Zillur Rahman
Bakshobondi,2018,Saniul Islam
Known,2011,Debashis Das
Everything Men Knows About Women,2020,Alan Francis
Notun Prithibi,1984,Sheikh Nazrul Islam
Daagh,1969,Ehtesham
Bulbulir Haat,2020,Mir Mukarram Hossain
Magic Pipe,2019,Mohiuddin Mostafa
Hamdam,1967,Nizam Ul Haque
Dead Hands Rising,2015,Khalid Mahmood Mithu
71 protishobi,2012,Dewan Razu
Garden Game,2019,Towhid Mitul
1971,2017,Masnoon Zarif
The Buriganga: Story of a Dying River,2017,Ratan Roy
Eroding Away,2015,Cl√©ment Rodrigue
Bagha Bangali,1972,Anando
Mobile Recharge,2018,Montazur Rahman Akbar
Narir Kotha,2000,Catherine Masud
Warning,2015,Shafi Uddin Shafi
Chowdhury Bari,1972,Nazmul Huda Mintu
100 Out of 100,2019,Mabrur Rashid Bannah
Shikari,2001,Isphahani Arif Jahan
Eraboti Fantasy,2015,Shetu Arif
Jolghori - Story Never Dies,2021,Asad Zaman
Never Believe Apon Jon,2021,Robin Hasan
Amar Sadh Na Mitilo,2015,Dinar Hassan
People who Crossed River Naf,2018,Nazmul Islam Lalien
Mayer Chokh,2010,Alamgir Khoshru
Chena Ochena,1968,E.R. Khan
Priyo Podorekha,1992,Humayun Ahmed
Putro,2018,Saiful Islam Mannu
Opekhkhar Neel Prohor,2020,Jahid Preetom
Moyur Ponkhi,1967,Habib Mehedi
Ghar Bhanga Ghar,1992,Anutosh Barua Chanchal
Apon Por,1970,Bashir Hossain
Amar Bou,2004,Isphahani Arif Jahan
Micromax Asia Cup,2012,
Swajan,1996,Sohanur Rahman Sohan
Lashkata Ghar,2014,Sezan Mahmud
Three Sisters,2014,
Sikandar BoxSikandar Box Er Hawai Gari 2,2012,Sagar Jahan
Dub Satar,2010,Nurul Alam Atique
The Mastermind Show,2015,Kazi Nipu
Ekjon Songe Chhilo,2007,Sawkal Jamil
Chhod Kar Chala,2021,Yash Chavda
The Letterbox,2020,Rahman Mani
An Escapist,2020,Animesh Aich
Tui Amar,,Sajal Ahmed
Saat Rang,1965,Fateh Lohani
Colourkite,2015,Zayed Siddiki
Superman The Power,2018,Hafijul Islam
Opekkha,1987,Dilip Biswas
Sommriddho Oshim,1990,
Eri Naam Dosti,2001,Sayedur Rahman Saeed
Nishan,1977,Ibne Mizan
Suruj Miah,1985,Kazal Arefin
Bindu Theke Britto,1970,Rebecca
Pakhi,2007,Tarekh Mintoo
Ekusher Chetonaa,2017,Sajidul Islam Pathan
Sikandar BoxSikandar Box Er Hawai Gari 3,2012,Sagar Jahan
Moner Moto Bou,1969,Rahim Nawaz
Rikshawalar Chele,2010,Montazur Rahman Akbar
Mehdi+Priya,2015,Aswar Rahman
Shey,1993,Shameem Akhtar
Agnee 3,2020,Baba Yadav
Shiri Farhad,2013,Gazi Mahbub
Toke Chara Kichu,2018,Salmaun Hossain
Sohel Rana,1985,Khosru Noman
Alibaba O Chalichar,2021,Animesh Aich
Dhoom Dhoom Cricket World Cup Theme Song by Wow Play TV,2020,Eshan Haider
Surprise,2016,Tarek Miyaji
Lal Shobujer Pala,1981,Syed Hasan Imam
Chandidas O Rojokini,1987,Rafiqul Bari Chowdhury
Golden Swarna,2014,Montazur Rahman Akbar
Natural Beauty: An Unexpected Finishing,2017,Ariful Islam
Burning Wings,2008,A.Z Asif Khan
Palabodol,1969,Subhash Dutta
Brishty,2000,Morshedul Islam
Nag Purnima,1983,Sohel Rana
Durer Bari Kacher Manush,2017,Akidul Islam
Mon Kharaper Osudh,2021,Sojol Rana
Anondo Osru,,Mustafizur Rahman Manik
Ke Ami,2009,Wakil Ahmed
LUX Cafe live,2018,
Chess,2015,Faridul Ahasan Shourav
Don't Hate Me,2015,Donna Fair
Gaariwala,2014,Ashraf Shishir
M a Murderer,2015,Tareq Kawser
Nayok jamai,2015,
Parwana,1966,Kamal Ahmed
Sukumari,1929,Ambuj Prasanna Gupta
Lotay Patay,2019,Mainul Hasan Hira
Rickshaw City,2009,Abu Khan
Kemne Ki,2021,Iftekhar Ahmed Fahmi
Love Story 360,2020,Fahrian Chowdhury Tonmoy
In Love,2016,Faisal Ahmed
Dhakai Thaki,1985,
Shunnotar Purnota,2016,Al Harun
Sonar Horin,2014,Muhammad Altamish Nabil
Wonderwall,2013,Mehran Khan
While the Train Runs,2013,Enrico Parenti
Standpoint,2016,Faridul Ahasan Shourav
Bondini,2018,Pratik Sarkar
Maine Diil Nahin Dekha,2015,Humaira Bilkis
"The beginning, the closing and the middle",2020,Ranjan Rabbani
Sikandar BoxSikandar Box Er Hawai Gari 4,2012,Sagar Jahan
Shishnaag,1979,Fazlul Kabir Chowdhury
Find You feat. Rakib Hasan,2021,Rakib Hasan
Sadharon Meye,1970,E.R. Khan
Moti Mahal,1977,Ashok Ghosh
Ekhoni Somoy,1980,Abdullah Al Mamun
Ziddi Driver,2005,
Poetry of Souls,2016,Shah Mohammed Rakib
Jomato Song,2021,Kaniz Fatema
Jodhu Miah,2016,Rahman Mani
Paperfrogs,2017,Nuhash Humayun
Othoi-Niler Goddo-Poddo,2018,Biswajit Dutta
Lathi,1999,Montazur Rahman Akbar
Samantaral,2019,Afsana Mimi
Ekti phone kora jabe please?,2008,Amitabh Reza Chowdhury
Moneybag,2013,Redoan Rony
Darpochurno,1970,Nazrul Islam
Oshikkhito,1978,Azizur Rahman
Madness Theory,2014,Mizanur Rahman
Ashibo Na Ar Phire,2016,Solaiman Jewel
50 50,2019,Syed Rishad
Nishi Kutum,2017,Mehedi Hasan Jony
Notun Digonto,1968,Nazir Ahmed
Beder Meye,1969,Nurul Haque Bachchu
Ek Rater Golpo,2014,Tareq Ahmed
Choritro - (Character),2020,Shah Mohammed Rakib
Ontorikkho,2009,Kazi Riton
Behind the Director,,
Noakhali Maiya by Kumar Sanu,2020,Ali Arnab
Tomar Hridoy Jude,2021,Rajub Bhowmik
Let Sleeping Dogs Lie,2019,Muhammad Tasneemul Hasan
Cholo Palai,2019,Imraul Rafat
Bojro Mushti,1989,Shahidul Islam Khokon
MeZe,2021,Tamjid Ahmed
Hu-Ken Industry,2016,Tareq Kawser
Razia Sultana,1984,Fakrul Hasan Boiragi
Images and Impressions,1999,Tanvir Mokammel
Ongoj,2017,Khandaker Sumon
Malamal,1996,Kamruzzaman
Aadi,,Tanim Rahman Ongshu
Foodicious Dacca,2018,Muhammad Altamish Nabil
City Terror,2005,M.A. Rahim
Shutorang,1964,Subhash Dutta
Shesh Uttor,1980,Azizur Rahman
Shei Raater Kotha Bolte Eshechi,2002,Kawsar Chowdhury
Rabeya,2008,Tanvir Mokammel
Rina Brown,2017,Shameem Akhtar
Tumi Amar Jibon,2012,Zunayed Sabbir Ahmed
The Story of a Flying Kite - Ekti Shada Ghurir Swapno,2017,Shimul Shikder
A tale of two wetlands,2017,Monjurul Ahsan
L'eau du diable,2005,Amirul Arham
Red Blue Lamps,2011,Moheen Reeyad
Trivuj Atta,2016,Rashed Raha
Prem Geet,1993,Delwar Jahan Jhantu
Swami Stree,1987,Subhash Dutta
Bodh Udhoy,2017,Toufiqul Islam
Projonmo Talkies,2017,Saleh Sobhan Auneem
Pita Mata Sontan,1991,A.J. Mintu
Sabbas Bangali,1998,P.A. Kajal
Urojahaj: A journey by plane,2005,Redoan Rony
Sikandar BoxSikandar Box Er Hawai Gari 15,2012,Sagar Jahan
Bengali X-Men,2017,Imran Hossain Himel
Hushiar,1988,Fazal Ahmed Benzir
Amor Prem,1977,Azizur Rahman
Nalish,1982,Momtaz Ali
Kanch Kata Hirey,1970,Abdul Jabbar Khan
Abichar,1985,Syed Hasan Imam
Akash Ar Mati,1959,Fateh Lohani
Rupsha Nodir Banke,2020,Tanvir Mokammel
Antaral,2021,Shiblul Haque Shuvon
Paisey,1964,Mustafizul Haq
Shut Year,2021,Tamjid Ahmed
Ekjon Morium,,Ferdous Alam Siddiqui
Phone-X,2018,Ananya Mamun
Banglar Bodhu,1993,A.J. Mintu
Bhaiya,1966,Kazi Zahir
Dhrubotara,2006,Chashi Nazrul Islam
Bondhu Tumi Amar,2011,Mohidul Mohim
Durbeen,2017,Vicky Zahed
Ayna,2005,Mahmudul Islam
Bhoyongkor Raja,2005,Montazur Rahman Akbar
Blue Helmet,2018,Saikat Sekhareswar Ray
Jibon Theke Neowa,2007,Ashik Muhammad Hasan
Underwater,2018,Masud Ahmed
Uttoron,2014,Saikat Mallick
Swapnabhumi,2007,Tanvir Mokammel
USELESS,2017,Sabuj Ahmed
Coronay Eid,2020,Shovon Ahmed
Molua,1969,A.T.M. Shamsuzzaman
Poka Makorer Ghar Bosoti,1996,Akhtaruzzaman
Antoraale,2017,R.I. Shakib
Sikandar BoxSikandar Box Er Hawai Gari 6,2012,Sagar Jahan
"Listening You, My Sole Offerings",2016,Debashis Das
Ayna,2019,Smak Azad
Biporite Ami...,2008,Redoan Rony
Bhalobashar Epar Opar,2018,Sheikh Runa
Wedding Bells,2019,Ehsan Kabir
Chorer Bou,1992,Zahirul Haque
Raater Por Din,1973,Mohsin
The Nation Of Bangladesh,2018,Rabbi Khan
Intrusion,2017,Tapas Kumar Dutta
Fera,2019,Animesh Aich
Ekaler Rupkotha,1965,Aziz Meher
Prem Dewana,1993,Montazur Rahman Akbar
Raded,2021,Faisal Alam Dihan
Toofan,1978,Ashok Ghosh
Rupantor,2008,Abu Sayeed
Bokhate,2016,Swaraj Deb
Golapi Ekhon Traine,1978,Amjad Hossain
An Affair,2020,Hasan Rezaul
Nagardola,1978,Belal Ahmed
Nacholer Rani,2006,Syed Wahiduzzaman Diamond
Awara,2019,Gmc Sohan
Fadh,2014,H.M. Shuja
Tahar Phire Asha,2018,Sarder Rokon
It's Experimental,2013,Hussain Ahmed Shohan
Abujh Sontan,1993,Kamal Ahmed
Hooliya,1984,Tanvir Mokammel
Gangchil,1980,Ruhul Amin
Sohagi's Ornament,2015,Lata Ahmed
Onek Diner Chena,1964,Khan Ataur Rahman
Ochena by Hridoy Khan,2020,Hridoy Khan
Jolchobi,2019,Hasan Rezaul
Jannat,2017,Sajal Ahmed
Shukh Shanti,1987,Delwar Jahan Jhantu
Hridoy Bhanga Dheu,2020,Mohidul Mohim
Sikandar BoxSikandar Box Ekhon Bandarban: Part 2,2012,Sagar Jahan
The Ring,2018,Vicky Zahed
Dhushor Prem,2018,Jewel Rana
Remakri,2020,Maksud Hossain
Bager Baccha,2001,M.M. Sarkar
The Smile,2014,Ariq Anam Khan
Voyangkor Saat Din,1993,Nur Hossain Bolai
Binocular,2005,Murad Parvez
Basic Ali,2017,Goutam Koiri
Sounds good,2018,Golam Kibria Farooki
Saat ti Tarar Timir,2015,Rakesh Basu
The End,2019,Kajal Arefin Ome
Win or Lose,2019,Mahmudur Rahman Himi
Ashar Alo,1982,Nurul Haque Bachchu
Maan Abhiman,1984,Narayan Ghosh Mita
Rifat: Niyoti,2019,Rifatul Alam Rifat
Puppet,2015,Razib Ahsan
Chicken Tikka Masala,2010,S.A. Haque Olike
Heera Moti,1988,Amjad Hossain
Cholna Harabo Toke Niye,2018,Gmc Sohan
Blockade,2015,Aminur Rahman Mukul
Modhu Purnima,1998,M.A. Khan Sobuj
Gayer Bodhu,1971,Ali Kausar
No One,2021,Tamjid Ahmed
Boloban,1988,Abdul Latif Bachchu
Love admission,2019,Osman Miraz
Shiri Farhad,1980,Abdus Samad
Jhontu Montu Dui Bhai,2007,Azmal Huda Mithu
When you come,2020,Tamjid Ahmed
Shuvoda,1986,Chashi Nazrul Islam
Transit,2020,Ariq Anam Khan
Sikandar BoxSikandar Box Ekhon Bandarban: Part 1,2012,Sagar Jahan
Shorolipi,1971,Nazrul Islam
Bouma,1989,Alamgir
Matritwa,2005,Zahid Hossain
Peace-Pill,2021,Tasin M Alif
Shonar Beri,1987,Tareque Masud
Boro Bou,1970,Nurul Haque Bachchu
Lal Tip,2012,Swapan Ahmed
Apon Ghar,1990,Mostofa Anwar
Sakin Sarisuri,2009,Salauddin Lavlu
Kath Golap,2017,Sohel Taj
Ajo Bhulini,1975,Niaz Iqbal
Freestyle v1.0,2015,Farhad Mohsin
Bless Me,2017,Rafid Haque
Rajbari,1984,Kazi Hayat
Mallhar,2018,Bikash Ahmed
Omi O Ice Cream Wala,2015,Sumon Dhar
Arunodoyer Agnishakkhi,1972,Subhash Dutta
See you again,2016,Rahman Mani
Kukkhato Nuru,2007,Montazur Rahman Akbar
Mission 71,2020,Mehedi Hasan
Jokhon Dekha Holo,2018,Sarder Rokon
Chaowa Paowa,1967,Narayan Ghosh Mita
Vondo Neta,2004,Montazur Rahman Akbar
Gunai,1966,Bazlur Rahman
Sikandar BoxSikandar Box Ekhon Bandarban: Part 4,2012,Sagar Jahan
Tomar Jonno Pagol,1999,Shipli Chakrabarty
Otopor(Hereafter),2021,Hashibul Amin Utshaw
Vocatta,1999,Mostofa Sarwar Farooki
Opekkha,2010,Abu Sayeed
Know Thyself,2013,Ashik Bhuiyan
Bakul Phuler Mala,2007,Delwar Jahan Jhantu
Rehnuma,2020,Vicky Zahed
The Professionals,2010,Oniket Alam
Raja Elo Shohorey,1964,
Le Ebad Present's: The Citizens of the Wombs,2016,Ebadur Rahman
Eternal Gift,2019,Nazrul Islam Delgir
Bap Beta 420,1991,Azizur Rahman
Tui To Janish,2018,Shinra Li
Bhalobasha Karey Koy,2002,Jakir Hossain Raju
Habib Wahid: Hariye Fela Bhalobasha,2015,Taneem Rahman Angshu
Last 7 Days,2017,Sokal Ahmed
Eka,2020,Animesh Aich
Golpo Kotha,2019,Siam Mehraf
Prosthan,2013,Aurnob Hasnat
Pasher Bashar Cheleta,2021,Shihab Shaheen
Run Away! - Polayon!,2020,Ishtiyak Ahmad Zihad
mahabbat pur vice city,,Juwel
Alif Laila,1980,Fazlul Kabir Chowdhury
Aynamoti,1986,Zillur Rahman
Biproteep,2019,Tanveer Hossain
Chutir Akash,2016,Anisuzzaman
Sensitive,2018,Md Ariful Islam
Mahabbat pur vice city,2016,
Sokhinar Juddho,1984,Amjad Hossain
Powersurge: Agnisnan,2012,Saquib Nazar
Ujala,1966,Kamal Ahmed
Sikandar BoxSikandar Box Ekhon Bandarban: Part 3,2012,Sagar Jahan
Love Box,2019,Tarek Rahman
Ke Amar Baba,1999,Montazur Rahman Akbar
Harijan (Bangla),2014,Mirza Sakhawat Hossain
Manusher Mon,1972,Mustafa Mehmood
Jonakir Prohore,2016,Rakib
Adorer Sontan,1995,Amjad Hossain
Where are you,2020,Tamjid Ahmed
Police,2019,Kajal Arefin Ome
Lost Love,2021,Kaniz Fatema
Hello Baby,2021,Kajal Arefin Ome
Notun Probhat,1970,Mustafa Mehmood
Road Without End,1979,A. Hussein
X Factor,2007,Shihab Shaheen
Deyal,2016,Vicky Zahed
Ami Bachte Chai,2007,Abdur Razzak
Jibon Sangeet,1972,Mustafa Mehmood
Outsiders,2019,Wasim Sitar
Ebadat,2009,A.T.M. Shamsuzzaman
Chaowa Theke Paowa,1996,M.M. Sarkar
Protirodh,1987,Fazal Ahmed Benzir
Godhulir Prem,1965,Mohiuddin Ahmad
Infinity,2020,Mehedi Hasib
"Bhanga Ayna, Priyo Mukh",2016,Rezwan Alam Hira
Dui Duari,2001,Humayun Ahmed
Rongin Khame Dhulo Pora Srity,2018,
Payra,2016,Jahid Preetom
Hingsha Protihingsha,2003,Motaleb Hossain
Masud Rana - Dhongsho Pahar,,
Gunda Number One,2000,Montazur Rahman Akbar
Mon Boshena Porar Tebile,2009,Abdul Mannan
Khesarot,2007,Mostofa Sarwar Farooki
Apartment 5D,2015,Amit Ashraf
Phulkumar,2002,Ashique Mostafa
Smriti Ekattor,1991,Tanvir Mokammel
ItikothaEpisode #1.1,1994,Mamunur Rashid
Bohurupi,2019,Siam Mehraf
Private Detective,2005,Zahid Hasan
Brothers,2016,Mabrur Rashid Bannah
X Factor 2,2009,Shihab Shaheen
Chotto Asha,2012,Sabbir Ahmed
Nirapotta Chai,2005,Raju Chowdhury
Graffiti,2016,Zuairijah Mou
Casting Couch,2013,Aurnob Hasnat
Jollad,1998,
O Amar Chhele,2006,Subhash Dutta
Freedom 404,2015,Shahriar Azim
Nijhum Oronney,2010,Mushfikur Rahman Guljar
Aborton the Circle,2013,Nafi Neetol Sinha
Jonmo Theke Jolchi,1981,Amjad Hossain
Shironamhin: Ei Obelay,2019,Mir Shariful Karim Srabon
Bijoy,2018,Parag Biswas
Gojodontini,2020,Mizanur Rahman Ariyan
Prayshchitto,2016,Habib Shakil
Certificate Ferot,2017,K.M. Nayem
The Society,2020,Omar Faruq Komol
The Drawer,2015,Razid Season
Phirey Esho Behula,2011,Tanim Noor
Beyond the Waves,2016,Bijon
Bhai Kichu Bolte Chay,2018,Mabrur Rashid Bannah
Biroho Byatha,1989,Chashi Nazrul Islam
Faded Night,2021,Hasin Mahtab
The Tobacco Assault,2014,Rakib Hassan
Jadrel Bou,1990,Delwar Jahan Jhantu
Habib Wahid: Mon Ghumay Re,2015,Nabil Khan
Ekattorer Gonohotta o Boddhobhumi,2015,Abdullah Al Harun
Sloween,2021,Rakib Hasan
Ghani,2006,Kazi Morshed
Classless Mokhless,2018,Sazzad Sumon
Shuktara,1988,Zillur Rahman
Stadium,2020,Kajal Arefin Ome
HiT,2021,Muhammad Mostafa Kamal Raz
Shwashurbari Zindabad,2002,Debashish Biswas
Eishob DinratriEpisode #1.2,1985,Mustafizur Rahman
On Somewhere Else,2018,Tanveer Hassan
Bish,2015,Kishor Mahmood
Fashion Slaves,,Masud Akhond
Behind the Puppy,2020,Redoan Rony
Raian,2017,Mashroor Parvez
Pothe Holo Dekha,1988,Hafiz Uddin
2 Mad Men,2021,Sameer Ahmed
The Angle of Vision,2018,Borhan Khan
Meril-Prothom Alo Awards,2007,
Cholona,2018,Ashfaque Nipun
Yea Kore Biye,1972,Yousuf Zahir
The Park The Bench & The Girl,2018,Saki Farzana
Dui Bhai,1968,Nurul Haque Bachchu
Agami,1984,Morshedul Islam
Odrita: Tale of a Diary,2015,Kowshik Ahammad Basu
Sonali Akash,1973,Abdul Matin
Lonely Walker,2020,Sm Shahbaj
Rajanigandha,1982,Kamal Ahmed
Akash Koto Dure,2014,Samia Zaman
AyomoyEpisode #1.1,19881988,Humayun Ahmed
Biborno Tumi,2021,Sojol Rana
Ajj Nijhumer Biye,2020,Biplob Yousuf
Shomporko,2013,Rezwan Alam Hira
Lottery,2020,Km Kanak
Ghashphul: The Flower of Grass,2015,Akram Khan
Carrom 2nd Paper,2008,Mostofa Sarwar Farooki
Teeth,2015,Iqbal Hossain Chowdhury
Ponathirtho: A Place of Pilgrimage,2016,Rahman Mani
Ochena,1991,Shibli Sadique
Amar Jonmobhumi,1973,Alamgir Kumkum
Last Friday,2018,B.U. Shuvo
Mind Transition,2020,Rownacur Salyhen
The Gaps of Kumar,2012,Oasiuddin Ahmed Tito
Little Rome Cafe,2019,Vicky Zahed
Shopnoghor,2015,Nuruzzaman Khan
Achol Bondi,1989,Zillur Rahman
Awaiting Tomorrow,2021,Hasin Mahtab
Porichoy,1974,Azizur Rahman
My Valentine,2008,Eshan Haider
Khelaghar,1973,Abdul Jabbar Khan
Kajer Manush,2009,Montazur Rahman Akbar
Jibon Dhara,1988,Matin Rahman
Janer Desh,2016,Raihan Rafi
Sandalina E Cafe,2015,
Jowar Bhata,1969,Khan Ataur Rahman
Bideshi Bou,2016,Wasim Sitar
Mon Bojhena,2018,Biplob Haidar
Beauty Parlour,2020,Goutam Koiri
Kagojer Phul,,
Liberation Fighters,1971,Alamgir Kabir
Agomon,1988,Subhash Dutta
Palestine Supporters,2022,
Aghat Palta Aghat,2002,Montazur Rahman Akbar
Ghor jamai hobo na,2020,Hashan
Instrumental Soft,2021,Bijoy B K
Neel Mukut,,Kamar Ahmad Simon
Bivui,2018,Hannan Hiron
Chinese Prem Kumar Comedy Drama,2018,Vashkar Chatterjee
Heaven,2021,Rakib Hasan
Trigonometry,2009,S.M. Rana
Vitamin-T,2014,Shafayet Monsur Rana
Myth of Love,2019,Zahid Gogon
Jibon Manei Juddho,1997,Mostafizur Rahman Babu
O Jeno Amar Hoy,2018,Mabrur Rashid Bannah
Daily Fright Night Blood Mirror,2016,Farhad Ahmed
Trump Card,2013,Mizanur Rahman Aryan
Ghorer Shotru,1994,Sohel Rana
Banglalink: Everybody Khushi,2018,Adnan Al Rajeev
Ontorongo,1970,Syed Mohammad Awal
Network Busy,2019,Kajal Arefin Ome
Eve Teasing,2016,Parag Biswas
Moyuri Shock Dey,2019,Sazzad Sumon
Corruption,2021,Rakib Hasan
Waiting,2020,Kajal Arefin Ome
Lal Sobujer Sur,2016,Mushfikur Rahman Guljar
Lathial,1975,Narayan Ghosh Mita
Turu love,2021,Subhrata Mitra
Dear Bangladesh,2018,Kajal Arefin Ome
Shopno-Chura: Dream-Apex,2011,Bidrohi Dipon
Pher Chotto Asha,2014,Mafh Ruheen
My Window,,Hemanta Sadeeq
Ajante,1996,Dilip Biswas
Jibon Songi,1996,Mujibur Rahman Kabir
Nekabbarer Mohaproyan,2014,Masud Pathik
Gangstuber,2019,Faez Jubayer
Kar Bou,1966,Nazrul Islam
Mayer Dabi,1986,Awkat Hossain
The Dreamstage,,Amit Ashraf
Valobasha,2019,Shuvra Goswami
Parash Pathar,1986,Khan Ataur Rahman
Chaiyya Chaiyya,2008,Iftekhar Ahmed Fahmi
A Billion to OnePersonal Details,2017,Ingrid Franchi
Sakal Sandhya,1984,Subhash Dutta
Sheesh Mahal,1991,Azizur Rahman
Manush Manusher Jonno,1999,Maruf Hossain Milon
Jolchhobi,1971,H. Akbar
Prem Korechi Besh Korechi,2005,Badol Khandokar
Somoy Kotha Bole,1983,E.R. Khan
The Joint Family: The Bicycle Day,2012,Saquib Nazar
Icche Holo,2009,Amitabh Reza Chowdhury
Cholo Na Harai,2020,Hasan Rezaul
The Revelation,2017,Faridul Ahasan Shourav
Gori,1968,Mohsin
Hotath Dekha,2020,Kajal Arefin Ome
Peering into the Gloom,2018,Sudipto Arko
Se Hoyto Himadrir Prem,2016,Sazzad Sumon
Ashanti,1986,A.J. Mintu
2016 Under-19 Cricket World Cup,2016,
Wake Up,2016,Faridul Ahasan Shourav
3 Shades,2015,Md Azimul Islam Sheblu
Asha Amar Asha,1999,Helal Khan
Uraal,2020,Razib Ahsan
Choshmar Frame a Ata Ek Chilte Rod,2019,Rakesh Basu
Hope(s),2017,Redwan Sarker
Angaar,1978,Kamal Ahmed
Shurjo Shongram,1979,Abdus Samad
Battle for Speech,2015,Razid Season
August 14,2020,Shihab Shaheen
Bela Shesher Gaan,1979,Jibon Chowdhury
Meyerao Manush,1998,Monwar Khokon
Onno Jibon,1995,Sheikh Niamat Ali
Room Date,2015,Imraul Rafat
Ora Shahoshi,2003,Abu Sayed Khan
Opekkha a Film by Partho Paulinews Folia,2018,Partho Paulinews Folia
Nature and Life,2013,Muqeed Majumdar Babu
Dur Theke Kachhe,1974,Syed Hafeez
Wear Mask by Bangladesh Police,2021,Borhan Khan
Songram,1974,Chashi Nazrul Islam
Lost Love Begin,2021,Kaniz Fatema
Itihaas Konna,2000,Shameem Akhtar
A Journey by Relation 2,2019,Mehedi Hassan Hridoy
The Tremble Guest House,2020,Sayef Turan
My Mother Tongue,2017,Alif Al Mostofa Aariyan
Projonmo Talkies100 TAKA,2017,Saleh Sobhan Auneem
Moon Fairy,2009,Rezwan Shahriar Sumit
Feel_In the Blanks,2018,Kajal Arefin Ome
Shiblu Mahmud: Dhoka,2019,Khan Rayhan
Rice & Pray,2008,Proshoon Rahman
Chacha Bahinir Ajob Kahini,2018,Sadman Alvi
Kaise Kahoon,1965,Sadiq Khan
Moushumi,1993,Nazmul Huda Mintu
Bichar,1974,Aziz Meher
Viral Now,2021,Kaniz Fatema
Dhanban,1991,Harunur Rashid
Lalon Fair,2020,Faridul Ahasan Shourav
Se Amar Mon Kereche,2012,Sohanur Rahman Sohan
Wake Up,2016,Omar Faruq Komol
Ekjon Moyna,2014,Monir Hossain Jibon
Amar Bou,2019,Imraul Rafat
The Safe House,,Zak Mir
Daakghor,2018,Lucy Gomes
The Floating Man,2012,Syed Jobair Ahmed
Ayna,,Montazur Rahman Akbar
Arise Asia Cup,2014,
Mrittu Dondo,1994,A.J. Rana
Badshah,1975,Akbar Kabir
Chowdhury Saheber Free Offer,2009,Sharaf Ahmed Jibon
Death Dance,2021,Tasin M Alif
The Pushkids,2017,Rahman Mani
Tansen,1970,Rafiqul Bari Chowdhury
Chotto Asha 2,2013,Nuruzzaman Khan
3 Days to Mars,2016,Tareq Kawser
Apnakei Boli,2016,Arafat Hossain
Jodi Kichu Mone Na Koren,1977,Fazle Lohani
Feel me,2021,ScienThush
Antardhan,2012,Syed Wahiduzzaman Diamond
Ekee Britte,2013,Kazi Morshed
Atonement,2015,Tr Mahadi
Use Me,2017,Abyed Hasan Nirjhor
Love Story: Premer Golpo,1995,Kazi Hayat
Adil,1988,Motaleb Hossain
Bad Dreams,2019,Kajal Arefin Ome
Bhoy - The Fear of Silence,2017,Zuairijah Mou
NeshaMarka,2021,Minhajur Rahman Albi
Adhare Alo,2010,Kazi Afroza Mim
The Left Field,2013,Shamima Shimu
Notun Sur,1962,Ehtesham
Son of Ali Baba,1961,Ferdausi Rahman
Ek Khondo Jomi,2004,Shahjahan Chowdhury
Anowara,1967,Zahir Raihan
Happy Moment II,2021,Kaniz Fatema
Indhan,1966,Rahman
First Date,2009,Mostofa Sarwar Farooki
Loknayok Kangal Harinath,2011,Abu Taher Tokon
Dushtu Hawa,2016,Sumon Reza
Dhaka Stories: My Dream,2010,Rezwan Ali Khan
Ali Asma,1983,Abul Khair Bulbul
Zabardast,1988,Nazmul Huda Mintu
Sayeeda Khanum - The Pioneer Female Photographer of Bangladesh,2019,Ismat Jahan
Let There Be Smile,2015,Saif Alam
Passing On...,2018,Asif Jahangir Arko
I am Time,2013,Mahde Hasan
Wills International Cup,1998,
The Lost Soul,,Oronnok Prithibi
Soul of A City,2017,Faridul Ahasan Shourav
The Beggar,2021,Mabrur Rashid Bannah
Hotel Intercontinental,,
Shaheed Teetumeer,1969,Ibne Mizan
Baishe Srabon,2014,Ashutosh Sujon
Men's Fair & Lovely Channel i Hero,2019,
Chand Suraj,1970,Shore Lakhnavi
Achin Pakhi,1996,Tanvir Mokammel
Ghysophobia: Not a Phobia,2014,Nuruzzaman Khan
Megher Pore Megh,2004,Chashi Nazrul Islam
Nishidhdho Prem,2007,Zillur Rahman
Arekti Shondeher Golpo,2019,Kajal Arefin Ome
Badhu Bideshini,1980,Abdus Samad
A Doll's Story,2019,Wasim Sitar
Avijan,1984,Abdur Razzak
Soitan Manush,1996,Montazur Rahman Akbar
Stay home,2020,Syed Sahil
Found Someone,2021,Tawkir Alif
Kajal,1965,Nazrul Islam
Black Magician,2014,Faridul Ahasan Shourav
Ditiyo Jon,1999,Humayun Ahmed
Kathal Burir Bagan,1988,Badal Rahman
A Certain Liberation,2003,Yasmine Kabir
Job Korbo Na,2019,Peal Arafat
Nayan Tara,1967,Kazi Zahir
Khotipuron,1989,Malek Afsari
Drishtir Oguchore,2014,Mazhar Munna
Mon Chuyeche Mon,2009,Amdadul Hoque
Agun Rath: Chariot of Fire,2014,Salman Farshi
Tumi Ami Eksathe,2021,Kaniz Fatema
The Cage Bird,2012,Ashraf Shishir
Pita Putro,1970,Amjad Hossain
Ferari Bosonto,1983,Akhtaruzzaman
Khoma,1992,Malek Afsari
Apon Dulal,1966,Nazrul Islam
Maleen,1964,Kaiser Pasha
Ondokhar,,Maruf Anowar
Kilo Flight,2019,Foez Ahamed
Birsreshto Matiur Rahman,2021,Sazzad Khan
Murgi Keno Mutant,2011,Nayeem Mahbub
Age Zodi Jantam Tui Hobi Por,2014,Montazur Rahman Akbar
Bhanga Bari,2015,Prince Mahmud Arnab
Anuraag,1979,Kamal Ahmed
Ovagi,1975,Hafiz Uddin
Biporite Hit,2000,Hanif Sanket
Ovishap,1967,Rashed Asghar Chowdhury
Eti Ma,2020,Ashfaque Nipun
The Burning Old Boy,2017,Rahman Mani
Poonam Ki Raat,1966,Ahmed Khalil
Jibon Shimante,2005,Gazi Jahangir
Jam,,Noyeem Imtiaz Neamul
Hae/Na,2007,Mostofa Sarwar Farooki
Bishwapremik,1995,Shahidul Islam Khokon
Heroes of BAF,2019,Bayzid Prince
Chokher Naam Raincoat,2020,Anonno Emon
Love in America,1986,Mohsin
Khalnayok,1996,Montazur Rahman Akbar
Tahsan & Puja: Ektai Tumi,2018,Shomeshwar Oli
Bandhan,1964,Kazi Zahir
Ekai 100,2020,Mizanur Rahman Aryan
Choy Noy,2016,Sarder Rokon
Bhut Adbhut,2016,Shakhawat Manik
Ki Jadu Korila,2008,Chandan Chowdhury
Priyotomo by Rajub Bhowmik,2020,Ali Arnab
Papi Shatru,1995,Kamruzzaman
Bodh,2020,Rafat Mazumdar Rinku
Jholmolia: The Sacred Water,2017,Saiful Wadud Helal
Bishwa Batpar,2016,Amdadul Hoque
Moner Modhye Akash,2005,Shanta Islam
Adhiar,2003,Saidul Anam Tutul
Style-45,2020,Ahamed Rafid
Prem Ekattor,2020,Shakal Ahmed
Shoikote Sharosh,1988,
Another World,2015,S M Mahmudul Hasan Raaj
Shomoyer Kotha,2007,Abdun Noor Tushar
Jwala,1977,Al Masud
Tomay Vebe Lekha,2011,Afzal Hossain Munna
A letter to God,2017,Hemanta Sadeeq
Nolok,1978,Shibli Sadique
Opodartho,,Abu Shahed Emon
Bangla Talkies,2016,Syed Sadman Rahman
Born Confusion,2021,Hasin Mahtab
Prem Bikria,2016,Rashed Raha
Oporichita,1968,Syed Mohammad Awal
Amader Boro Bhai,2018,Sarder Rokon
Mishor Kumari,1970,Karigar
Riksawalar Shopno,2018,Montazur Rahman Akbar
Binimoy,1970,Subhash Dutta
Kali: A Superhero Series,2016,Amit Ashraf
Tramping,2022,Hreedoy Anirban Khandakar
The Anthem of Territory,2021,Hasin Mahtab
Rajdhanir Buke,1960,Ehtesham
Kuasha,2019,Montazur Rahman Akbar
Jiboner Cheye Dami,2009,Mostafizur Rahman Babu
Uneducated Wife,2021,Eshan Haider
The Color of Sound,2017,Saiyeed Shahjada Al Kareem
Songsar,1968,Nurul Haque Bachchu
Opurnota,2019,Siam Mehraf
Shundori Bodhu,2002,Amjad Hossain
Long Drive,2018,B.U. Shuvo
Light,2017,Muhammad Ullah Shohag
Briddhassrom,,Swapan Chowdhury
Dhaka Dream,,Proshoon Rahman
Mrittudando,1997,A.J. Rana
Unknown Love,2015,S.I. Khan
Run Out,2015,Tonmoy Tansen
Anyadin...,,Kamar Ahmad Simon
Gangchil,,Noyeem Imtiaz Neamul
Nacher Putul,1971,Ashok Ghosh
Buriganga,2011,Michelle Coomber
Kew Nei,2019,Siam Mehraf
Bhaijaan,1989,Raihan Mujib
Ondho Bodhu,1983,Subhash Dutta
Jadu Mahal,1988,Swapon Saha
Jibanu 1.0,2021,Irfan Faheem
Mohuyar Attohonon,2018,Borno Nath
Boat of Life Going to Pahartali,2016,Saiful Fardin
Janajani,1965,Ali Mansoor
Awara,1985,Kamal Ahmed
Juntos pero separados,2014,
Bokuler Songsar,2020,Fakhrul Arefeen Khan
Moner Moto Mon,1998,Lal Mohammad
Kuchbaran Konna,1968,Nurul Haque Bachchu
Ghore Fera,2020,Ziaul Hoque Polash
Jadur Bashi,1977,Abdul Latif Bachchu
Nishpap,1986,Alamgir
Arshinagar,1983,Khan Ataur Rahman
A Perilous Journey,,Razib Ahsan
An Epilogue of a Death,2017,Hossain Maruf
The Citizen,2015,Khondokar Jakir
Gunai Bibi,1985,Harunur Rashid
No Way feat. Rakib Hasan,2021,Rakib Hasan
Nodijon,2015,Shahneoyaj Cacoly
Golper Manushera,2017,Asad Zaman
Friends Forever,2018,Akterul Alam Tinu
Atmadan,2012,Shahjahan Chowdhury
Bachao,2003,Golam Murtaza Bahar
Ekti Premer Mrittu,2018,Montazur Rahman Akbar
The Shadow,2012,Tushar
Jolpai Ronger Adhar,2018,Refat Khan Anik
Rupali Shaikate,1979,Alamgir Kabir
The Return,2019,Bashar Georgis
Padma Meghna Jamuna,1991,Chashi Nazrul Islam
Laily Majnu,1983,Ibne Mizan
Kopal,2007,Hasibul Islam Mizan
Rajar Meye Bedeni,1991,Fayez Chowdhury
Lal Doriya,2002,F.I. Manik
Long Way to Go,2018,Borhan Khan
Erratum,2021,Akramul Hasan Ryad
Behind The Sins,2016,Aurnob Hasnat
Je Nodi Morupothay,1961,Salahuddin
Mayer Doa,1990,Alamgir Kumkum
Aynabaji Original SeriesDondo Somas,2017,Sumon Anowar
Gohine Shobdo,2010,Khalid Mahmood Mithu
Jaltey Suraj Ke Nichey,1971,Zahir Raihan
Kajoler Din Ratri,2013,Mohammad Khaled Hossain
Bhooter Baksho,2018,Tanveer Hossain
The Original Artist,2018,Mahmudul Islam
Parineeta,1986,Alamgir Kabir
Shomoyer Golpo: Shutro,2019,Topu Khan
Shilalipi,2004,Shameem Akhtar
Forbidden Love,2014,Mohammed Refat Fahim
Vacancy,2020,Arafat Hossain
Jhorer Pakhi,1973,C.B. Zaman
Andha Bhalobasha,1997,Montazur Rahman Akbar
Protiruddho,2016,Khijir Hayat Khan
Megh Bijlee Badal,1983,Kazi Nurul Haque
Darpan Bishorjon,2016,Sumon Dhar
Kazi Saheber Tin Putra,,Montazur Rahman Akbar
Chehara: Vondo-2,2010,Shahidul Islam Khokon
Sesh Onuvuti,2018,Yaarian Eshan Nawshad
Run Off,2022,Hreedoy Anirban Khandakar
101 Maneras de pedirle una cita,2014,
Altabanu,1982,Fayez Chowdhury
Lady Killer,2019,Mabrur Rashid Bannah
Mukuler Jadur Ghora,2021,Debashis Das
Chai Khomota,2003,Shahidul Islam Khokon
Papyrus,2015,Kamrul Ahsan
Biye Korte Chai,2019,Zaki Ahmad Zarif Abdullah
Nawab Sirajuddaula,1989,Pradeep Dey
Mrittur Opare,1999,Humayun Ahmed
Alingon,1969,Subhash Dutta
Red Rose,2018,Navil Ahmed Ovi
Honon,2016,Habib Shakil
Agun Majid,1999,Humayun Ahmed
Ekdin Hotath,1986,Humayun Ahmed
Santan,1970,E.R. Khan
Mahabbat pur vice city 2,2017,Hafijul Islam
FeludaSheyal Debota Rahasya,2017,Parambrata Chattopadhyay
Lathyrism,1982,M. Hamid
Paye Cholar Path,1973,Mustafa Mehmood
Shondeher Obokash,2019,Riyadh Mahmood
Ayna O Oboshishto,1967,Subhash Dutta
My Name Is Simi,2014,Montazur Rahman Akbar
Bangladesher Ridoy,2013,Saiful Wadud Helal
Tabij,2021,Tuhin
Abirbhab,1968,Subhash Dutta
Atithi,1973,Azizur Rahman
Obosheshe Bhalobeshe,2019,Farhad Ahmed
How to Ensure Safe Internet,2019,Sayef Turan
The Life of Jalil,2019,Vicky Zahed
Smriti,2013,Saquib Nazar
Boka Bhalobasha,2019,Kajal Arefin Ome
Amader Cinema,2016,Mazhar Munna
Sleepless Shore,2021,Hasin Mahtab
The saltwater girl,2018,Shaikot Roy
Erao Manush,1972,Narayan Ghosh Mita
Friends with Benefits,2018,Ziaul Hoque Polash
Pen Drive,2016,Rakib
The Stranger,2019,
Bisshashe Bhalobasha,2016,Taju Kamrul
Sheet Bikel,1964,Mohiuddin Ahmad
Trap,2020,Maruf Rehman
Gunman,2015,Monir Hossain Jibon
Mona Pagla,1984,Kazi Hayat
Traas,1992,Kazi Hayat
Fad,2012,Tahmid Angsu
Prem Piyashi,1997,Reza Hashmot
Daag,2017,Josim Uddin Ahmed
Shesh Kotha,2017,Syed Wahiduzzaman Diamond
New Classmate,2016,Md. Robiul Islam
The Kakoli Opera,2015,
Bikrito Shoisob,2011,Ashik Bhuiyan
FeludaGhurghutiyar Ghotona,2017,Parambrata Chattopadhyay
A Concert for Rain,2013,Afzal Hossain Munna
Asiya,1960,Fateh Lohani
Nirmom,1996,Alamgir
Champa Ranir Akhra,2007,Shopon Chowdhury
Mukh O Mukhosher Golpo,2020,Ashfaque Nipun
Bhaier Shotru Bhai,2004,Montazur Rahman Akbar
The Inner Sound,2017,Ashraf Shishir
A Pair of Sandal,2017,Josim Uddin Ahmed
Jugnu,1968,Mamnun Khan
Modhumilon,1970,Kazi Zahir
Habib Wahid: Jhor,2018,Taneem Rahman Angshu
Moho Ebong Maya,2016,Shetu Arif
Johnny,1983,Dewan Nazrul
Kababer Haddi,2020,Kajal Arefin Ome
Blinked,2021,Hasin Mahtab
Pagol,2015,Dinar Hassan
Tech Trek,2014,Manjur Morshed Nayan
Touching 71,2015,Iftekhar Ahmed Fagun
Ghore Baire,2020,Abu Hayat Mahmud
Nostalgia,2014,Afsana Mimi
Nodir Naam Modhumoti,1996,Tanvir Mokammel
Chana o Muktijuddho,2009,Badal Rahman
Alone Highway,2021,Hasin Mahtab
Cocktail Boss,2015,A.K. Shubha
Aalo Adharir Khela,,Saif Shadrul Prottoy
Megh Bhanga Rodh,1964,Kazi Khaliq
Hariye,2020,Irfan Faheem
Obohela,2018,Montazur Rahman Akbar
Mukim Brothers,2010,Ashfaque Nipun
Clemency of Silence,2016,Rahman Mani
Gangajatra,2009,Syed Wahiduzzaman Diamond
Bonojatri,2005,Tanvir Mokammel
Flat B2,2019,Mohidul Mohim
Polayanporbo,2004,Nurul Alam Atique
Kukk Khata Khuni,2003,
Takar Pahar,1993,Montazur Rahman Akbar
The Royal Chair,2011,Tanzina Azad
Deep Nebhe Nai,1970,Narayan Ghosh Mita
Juari,2002,A.Q. Khokon
Habib Wahid: Moner Thikana,2016,Taneem Rahman Angshu
Suchona,1988,Morshedul Islam
Ekee Onge Eto Rup,1970,Mustafizul Haq
Mala,1965,Mustafizul Haq
Chhadmabeshi,1970,Kazi Mesbahuzzaman
Jotil Prem,2013,Abdullah Zahir Babu
Dushmon Khotom,2006,Montazur Rahman Akbar
Agun,2019,Mursalin Shuvo
Cyclone,2000,A.J. Rana
Bodh,2015,Kishor Mahmood
We Care But You Don't Know,2021,Rakib Hasan
Beauty Phobia,2020,Sajib Ahmed Chowdury
Eka Eka,1985,Mustafizur Rahman
Ei Shohore,2019,Ashfaque Nipun
Momentos Paralelos,2012,Fazle Hasan Shishir
Sotorko Shoitan,1993,Shahidul Islam Khokon
Insaaf,1985,Motiur Rahman Panu
A Quarter Mile Country,2018,Noman Robin
Shilpi,1995,Chashi Nazrul Islam
Camouflage,2020,Faridul Ahasan Shourav
Daak Bangla,1966,Mustafizul Haq
Bahram Badshah,1972,M.A. Kashem
Ek Takar Bou,2008,P.A. Kajal
2014 ICC World Twenty20,2014,
A Billion to OneThe Tweet,2017,Ingrid Franchi
Apa,2020,Shakal Ahmed
Chup,2016,Matia Banu Shuku
Nishongota,2020,Sish Dinar
Kothin Shimar,2003,Montazur Rahman Akbar
Chaise Tokay,2019,Osman Miraz
Captive,2016,Sajedur Rahman
Kobi Swamir Mrityur Por Amar Jobanbondi,2016,Tasmiah Afrin Mou
Nimful,1997,Humayun Ahmed
Botambir,2013,Tahmid Angsu
Praner Taney,2014,Rashed Hasan
Ghotonaguli Kalponik,2018,Simanto Sajol
Pension,1984,Rafiqul Bari Chowdhury
Kukurer poti...,2015,Md.Ariful Islam
Ghor,2020,Saiyeed Shahjada Al Kareem
Chhaya Shikari,2021,Morshed Himadri Himu
Poddya Bidya,2018,Arafat Hossain
Atrocity Exhibition,2013,Ebadur Rahman
Last Wish,2021,Asif Jahangir Arko
Arjon,1990,Shibli Sadique
Cholo Paltai,2019,Parag Biswas
Ayesha,2018,Mostofa Sarwar Farooki
Party Right Now Music - Najiur Rahman Shaown,2021,Najiur Rahman Shaown
Raju Amar Bhai,2008,Raju Chowdhury
Ayna,2021,Mansur Alam Nirjhor
Ora Amake Bhalo Hote Dilo Na,2010,Kazi Hayat
Is Dharti Par,1967,Nurul Alam
A Billion to OneSpeculators,2017,Ingrid Franchi
Selection of Symphony,2014,Debashis Das
Sahoshi Manush Chai,2003,Mohammad Hannan
Split Personality Disorder,2020,Jannatul Khan Riki
Sukhi Poribar,2018,Mabrur Rashid Bannah
Ghorer Khobor Porer Khobor,2002,Hanif Sanket
Matir Maya,1976,Taher Chowdhury
Sabitri,,Pantho Prasad
Payal,1968,Mustafizul Haq
Noyoner Alo,1984,Belal Ahmed
Bhai Bhai,1990,Swapon Saha
Untold Love Story,2020,
Majnu,2021,Vicky Zahed
Doodle of Love,2019,Mahmudur Rahman Himi
Pure Love,2017,Alif Al Mostofa Aariyan
Hisab Chai,1988,Fakrul Hasan Boiragi
Ekti Golir Atyakahini,1993,Tanvir Mokammel
The Truth,2017,Tirthok Ahsan Rubel
Right to Water,2015,Sohel Mohammad Rana
Thanda,2021,Kajal Arefin Ome
Milon Hobe Koto Dine,2001,Jakir Hossain Raju
Zameen Aasmaan,1985,Nazrul Islam
Death Trap,2013,Monjurul Haque
Doo Haate Ek Guchcho Koshto,2016,Mohan Khan
Mechanix: Enemy Within,2013,Saquib Nazar
Julhas Checker,2012,Esha Jabin
Ujan Ganger Naiya,2015,Georgis Bashar
Kaji Saheber Tin Putra,,
The Beauty Circus,2019,Mahmud Didar
Lovers Food Van,2021,Vicky Zahed
The Last Men,2017,Aurnob Hasnat
Lobhe Labh,2020,Ishtiaq Ahmed Rumel
Ondho Prem,1993,Mostofa Anwar
Shok Hok Shokti,2018,Mizanur Rahman Aryan
Son of Pakistan,1966,Fazlul Haque
Mr & Mrs Patuwary,2017,Wasim Sitar
The Guest,2013,Jameal Ali
Mitali joins the battle',2016,Md Ariful Islam
Hamtam Coaching Center,2017,Shahriar Sumon
Eito Valobasha,2013,Siddiqur Rahman
Prem Majar,2015,Dinar Hassan
Palai palai,2021,Osman Miraz
Belonging,,Abid Hossain Khan
Shesh Theke Shuru,1974,Motiur Rahman Panu
Ditiyo Jonmo,1987,Humayun Ahmed
The Unknown Bird in the Cage,2015,Kazi Riad Omar
Kagoj er Kobi,2015,Amitabh Ahmed Rana
Shuvo Rahman,2015,Jahid Hasan Rakib
Bonhi,2019,Afsana Mimi
Amon Jodi Hoto,2019,Mursalin Shuvo
Soudagor,1982,Fazlul Kabir Chowdhury
Passport,2018,Priti Dutta
Common Gender,2012,Noman Robin
Jemon Jamay Temon Bou,2021,Montazur Rahman Akbar
Sajit Sany: Pagli,2019,Sajit Islam Sany
Chotey Sahab,1967,Mustafizul Haq
Mask,2020,Kajal Arefin Ome
Mon Foring,,Shihab Shahin
Jhora Bokul,2016,Monjurul Alam
Jinn,,Wajed Ali Sumon
Ma o Chhele,1985,Kamal Ahmed
Bachelor Eid,2019,Kajal Arefin Ome
Innocent Millions,1971,Babul Chowdhury
BBC Janala Mojay Mojay ShekhaEpisode #2.1,2010,Reza Ghalib
Ankhi Milon,1990,Mostofa Anwar
Kokhono Megh Kokhono Brishti,2003,Mousumi
Amader chelera,2000,Manzare Hassin
Rongbaz Badsha,2001,Montazur Rahman Akbar
Remnants of Men,2016,Rezwan Shahriar Sumit
The Martyr,2019,Vicky Zahed
Teji Purush,2004,P.A. Kajol
Podmo Patar Jol,2015,Tonmoy Tansen
Matir Ghar,1979,Azizur Rahman
Break Up Story,2020,Mabrur Rashid Bannah
Shanto Keno Mastan,1998,Montazur Rahman Akbar
Bhalobashi Bolona,2020,Imraul Rafat
Ke Bhashabe Shada Megher Bhela,2015,Jubayer Ebne Bokor
The Girls are not Brides,2017,Km Taj-Biul Hasan
A Billion to OneProve It,2017,Ingrid Franchi
Our Boat I Sour Address,2011,
Ghar Ki Laaj,1966,M. Saleem
Love or breakup,2020,Mohon Ahmed
A beautiful day,2016,Wasim Sitar
Paangkha,2018,Rahat Rahman
Commodity,2019,Arafat Hossain
Fash,2015,Mazhar Munna
Orchestra of Being,2015,Debashis Das
On seeing the 100% perfect life one beautiful autumn morning,2015,Ashik Bhuiyan
Boro Bhalo Lok Chhilo,1982,Mohiuddin Ahmad
Oti Kotha,2016,Akash Ranjon
Bikeer Helper Hoba,2020,Mahmudur Rahman Himi
Miss Lolita,1985,Zillur Rahman
Tile Tile Tar Khoy,2019,Omar Faruq Komol
Ekti Bhoyongkor Raat,2019,Mannat Munna
Lalchar,2015,Nader Chowdhury
Devdas Juliet,2020,Jakariya Showkhin
Seasons,2016,Mazhar Munna
Shada Kagoj,2016,Monir Hossain Jibon
Big Boss,2003,Akbar Ali
Neel Akasher Nichey,1969,Narayan Ghosh Mita
Bap Boro Na Shoshur Boro,2010,Amdadul Hoque
Khato Jamai,2020,Eshan Haider
BohubrihiEpisode #1.1,1988,Humayun Ahmed
Cycling Tahmina,2018,Mahafuza Aktar
All are Same Race,2012,Mridul Mamun
Ichchey Manush,2017,Sajib Ahmed Chowdury
Muskil Baby,2019,Soumitra Ghose Emon
Love Bird,2015,Sokal Ahmed
Tumi Ashbe Boley,2012,Ashrafur Rahman
Hridoy Theke Hridoy,1994,Shahadat Khan
Borsha Badol,2001,Chotku Ahmed
Positive Thinking (Be Positive),2019,Sish Dinar
Some Ancient Trees,2018,Hasnat Sohan
Road to Roots,2018,Md Zahirul Hassan
Ekdin Protidin,2018,Montazur Rahman Akbar
Pepsi Asia Cup,2000,
Anutopto,1993,Ferdous
The Smell,2016,Kamrul Ahsan Lelin
Kangan,1969,Rahman
Oposharon (Bangla) the Removal,2014,A.K. Shubha
Bazarer Kuli,2012,Tanvir Hasan
Kajer Chele,,Montazur Rahman Akbar
Sonar Tori,1981,Azizur Rahman
Faad - The Trap,2019,Aronno Pasha
Jhinuk Nirobe Shoho,,Abid Sarker Shohag
Ekdin,2021,Ali Arnab
Social Business French Version,2017,Amirul Arham
Chakor,1992,Montazur Rahman Akbar
Banshori,1968,Abdul Jabbar Khan
Juta Baba,2007,Humayun Ahmed
Sesh Chirkut,2019,Jakariya Showkhin
BohubrihiEpisode #1.8,1988,Humayun Ahmed
Shudhu Tumi,1997,Kazi Morshed
Shaheb Bibi Golam,2016,Mir Asaduzzaman Ariyan
The Ghost House,2016,Tarik Mohammad Hasan
Probashe Porobashe,2013,Shakal Ahmed
Babar Adesh,1995,Montazur Rahman Akbar
Meena,1970,Kazi Zahir
Duti Bari Pasapasi,2017,Mabrur Rashid Bannah
Moments,2016,Vicky Zahed
Briddhashrome Kureghorer Ekdin,2020,Tasrif Khan
Smritituku Thak,1971,Alamgir Kumkum
Exile of Waiting,2012,Vicky Zahed
Jibon o Bondhutto of Syed Shamsul Haque & Abdul Gaffar Choudhury,2016,Golam Rabbani Babu
Chhokka Panja,1980,Nur Hossain Bolai
Abar Bonobashe Rupban,1966,Ibne Mizan
Ekattorer Nishan,2016,Taher Shipon
Biswas,2018,Sumon Anowar
Bhalobashar Pothchola,2016,Sarder Rokon
Need You,2020,Tamjid Ahmed
Sparrow Couple,2016,Mohammad Shalauddin Talukder
Shesh Ki Hoyechilo Shotti,2019,Mizanur Rahman Aryan
Crime Road,2017,Saimon Tarique
Choritrohin,1975,Baby Islam
Adventures of Sundarbans,2021,Abu Raihan Mohammad Jewel
I Don't Care,2014,Mohammod Hossain
Seized Pleasure,2018,Rafat Jamil
Daak Babu,1966,Mustafizul Haq
Dedicated to Improve the Livelihood of Char Dwellers,2018,Mohiuddin Mostafa
Ekti Raat O Odvuture Golpo,2018,B.U. Shuvo
Porinoti Bangla Choto Natok,2019,Kamruzzaman Satu
Jonmo dag,2020,Vicky Zahed
Drophen,2021,Rakib Hasan
Combustion,2018,Mohammad Shalauddin Talukder
The Last SMS,2017,Borhan Khan
Sikandar BoxSikandar Box Ekhon Onek Boro 1.2,2012,Sagar Jahan
Amra Korbo Joy,2019,Probir Roy Chowdhury
Golpota Dusshopner,2017,Parag Biswas
Tumi Amar Swami,2009,Montazur Rahman Akbar
Sukh-Dukhkho,1971,Khan Ataur Rahman
Bachelor Quarantine,2020,Kajal Arefin Ome
The Three Ants,2011,Gabriel Sumon
Manosi,1982,Fakrul Hasan Boiragi
Grandma,2016,Arun Chawdhury
Chakri,2019,Mehedi Hasan
The Unparalleled,2020,Ashraf Shishir
Bir Protik Ouderland,2016,Mahbubur Rahman Babu
Baje Shobhab,2020,Rasel Ahmed Raj
Ex Nihilo Nihil Fit,2019,Debashis Das
Chill Out Loud,2021,Shirsendu Mondol
Sesh Bikal,2016,Parag Biswas
48 Hours Only,2016,Shoikot Khondokar Khokon
Prarthona,2015,Shahriar Nazim Joy
Tawkir's Shorts: Tawkir Alif,2021,Tawkir Alif
Se Raate Sinthiya Kotha Rekhechilo,2020,Mazedul S. Sumon
Amor,1988,Delwar Jahan Jhantu
The Tales of Chandrabati,2018,N. Rashed Chowdhury
Transition,2013,Golam Imran
Griho Bibad,1986,Chotku Ahmed
Khoborwala,2019,Rafat Mazumdar Rinku
For the Love of Food,2020,Nuhash Humayun
Chairman,2001,Montazur Rahman Akbar
Dreams Under the Veil,2011,Nahid Hasnat
Meghe Dhaka Rod,2020,Omar Faruq Komol
Manobota,2017,Parag Biswas
Banglar Commando,1995,Mohammad Hossain
Shopnobazz,2016,Solaiman Jewel
The Red Note,2016,Yash Rohan
Somporko - The Wildnest,2015,Rahmatullah Tuhin
Interiors & Exteriors,2018,Ashique Mostafa
Jamai Shashur,2003,Shahadat Khan
A Warm Interview,2016,Razib Ahsan
Amar Prithibi Tumi,2011,Gazi Mahbub
Raat Pakhir Dak,2018,Shadhin Fuad
Sikandar BoxSikandar Box Ekhon Onek Boro 1.3,2012,Sagar Jahan
Armaan,1967,Mohsin
Keno Emon Hoy,1975,Amol Bose
Salamat,1954,Nazir Ahmed
Propose,2020,Kajal Arefin Ome
Sonar Kajol,1962,Zahir Raihan
Khunsuti,2021,Mohammad Rony
Megher Onek Rong,1976,Harunur Rashid
"Sweet tea, bitter life",2020,Paul Van Thold
Agun Niye Khela,1967,Nurul Haque Bachchu
Color of Childhood,2018,Sahadat Russell
Trump Card II,2013,Mizanur Rahman Aryan
Aaymon,2017,Rahman Mani
Zuzuddhoman,2015,Uday Bangali
Karigar,2012,Anwar Shahadat
Hum Sey Hai Zamana,1986,Muhammad Javed Fazil
Dekha Hobe,2020,Himel Ashraf
The Drug Trader,2019,Md. Robiul Islam
Operation Jackpot,,Giasuddin Selim
Las Consecuencias,2019,Ishtiyak Ahmad Zihad
Tiger Number One,2011,Shahin Shomon
Be-Raham,1985,Kazi Hayat
Chakorer Prem,2008,Rakibul Alam Rakib
Single,2020,Kajal Arefin Ome
Flashback,2011,Mabrur Rashid Bannah
Fuler Mala,1987,Kazi Zahir
Bandi Theke Begum,1975,Mohsin
Abar Hashimukh,2019,Tanim Rahman Anshu
The Trailer,2014,Ebadur Rahman
Dui Rajkumar,1975,Ibne Mizan
Vondo Ojha,2006,P.A. Kajal
Kisu Somoy Theke Jao,2021,Sourav Mallik
Shotgun is my Exit Visa,2018,Julfikar Rijon
Jibon Songsar,1996,Jakir Hossain Raju
Shironamhin: Bohemian,2018,Ashraf Shishir
Purey Jai Mon,2016,Apurbo Rana
Sikandar BoxSikandar Box Ekhon Onek Boro 1.4,2012,Sagar Jahan
Shagor Jole Kar Chaya,2016,B.U. Shuvo
Bapjaner Bioscope,2015,Reazul Rezu
Preet Na Jane Reet,1963,Masud Chowdhury
Putu Putu Prem,2018,Mohon Ahmed
Bayna Mon,2019,Osman Miraz
Jibon Nouka,1981,Sohel Rana
Alo Moti,1969,Salahuddin
Ayon Became A Bird,2019,Mainul Hasan Hira
Ami Ekti Meyeke Chintam,2019,Rajiul Huda Dipto
Project Blue Dot,2016,
Lovely Wife,2019,Rushow Ahmed
Chandni Raatey,1993,Ehtesham
Kosto,2000,Kazi Hayat
Sonar Horin,1979,Sirajul Islam
Black,2015,Raja Chanda
Tumi Shudhu Amar,2003,Abul Kalam Azad Bachchu
Probaho,2020,Tamjid Ahmed
Brishty Bheja Akash,2007,Sohanur Rahman Sohan
How,2021,Mehedi Hasan
Couple Therapy,2020,Mohidul Mohim
Nayjuddho,1991,Montazur Rahman Akbar
Priyo Jonmobhumi,,Sohanur Rahman Sohan
Kid Max: Bristy Veja Akash,2019,Kid Max
Telephonic,2018,Protik Ahmed
Mess-En-Shot,2016,Sanjit Kumar Singha
Mission Barisal,2019,Kajal Arefin Ome
Angels,2020,Mabrur Rashid Bannah
Niyoti,2019,Rifatul Alam Rifat
I S O L A T I O N,2020,Mirza Fahad
Milan,1964,Rahman
Bhanumoti,1969,Kazi Mesbahuzzaman
Fera,2012,Proshoon Rahman
Prothom Prohor,1983,Humayun Ahmed
The Hero,2017,Vicky Zahed
The Director,2019,Kamruzzaman Kamu
Loophole,2011,Mahdy Hasan
Tomar Chibuk Chobo... Kalima Chobo Na,2016,Morshed Himadri Himu
Cinema,2017,Habib Shakil
Banglar Hercules,2021,Montazur Rahman Akbar
Oddrisho Shotru,2014,Akib Parvez
Mahabbat pur vice city,2016,Hafijul Islam
Choix,2014,Vicky Zahed
Tunes of Nostalgia,2020,Farid Ahmad
Chondopoton,2021,Vicky Zahed
Evidence of Unknown,2020,Debashis Das
Sikandar BoxSikandar Box Ekhon Onek Boro 1.6,2012,Sagar Jahan
Hridoy Bhanga Dheu,2011,Gazi Mazharul Anwar
The Mistake,2013,Faisal Mahmud
Obisshash,2016,Vicky Zahed
Hariyecho Amay,2020,Ainan
Mehman,1983,Azizur Rahman
The Refugee,2018,Anik Kanti Sarkar
The Dot,2017,Sajidul Islam Pathan
"Angel, Human, Jinn, Devil",2017,Fazla Rabby
Naroshundor,2009,Catherine Masud
X Factor: Game Over,2016,Shihab Shaheen
Khato Jamai 2,2021,Eshan Haider
Eito Jibon,1964,Zillur Rahim
Anubhab,1977,Azizur Rahman
Closeup Kache Ashar Oshomapto Golpo,2019,Tanvir Ahsan
Raja Surja Kha,2012,Gazi Mahbub
The Lost Dream,2011,Mahdy Hasan
Shukhmoni,2020,Irfan Faheem
Maybe or Maybe Not a film by Partho Paulinews Folia,2017,Partho Paulinews Folia
The Ballad of a Geek,2018,Debashis Das
Takata Koi?,2020,Vaskor Joni
Bokuler Bibaho,2020,Fakhrul Arefeen Khan
Poush Masher Pireet,2016,Nargis Akter
Sahajatri,1987,Azharul Islam Khan
Play with my emotion,2021,ScienThush
Dhanda,2005,Shahin Sumon
Hate You,2017,Mabrur Rashid Bannah
Mobile Chor,2019,Mohidul Mohim
Ayat,2019,Abdul Aziz
Shadhin Road,2019,Shahid-Un-Nabi
Duniya,1988,Aftab Khan Tulu
Begana,1966,S.M. Pervaiz
Sukher Songsar,1989,Narayan Ghosh Mita
Dui Jibon,1987,Abdullah Al Mamun
Unison,1992,Catherine Masud
Shami Chintai,2004,Sohanur Rahman Sohan
Rain Love,2019,Vicky Zahed
Kaliya,1994,Dewan Nazrul
X Girlfriend,2019,Kajal Arefin Ome
Boat Race,2009,Rafique Mahmud
Sikandar BoxSikandar Box Ekhon Birat Model 2.1,2012,Sagar Jahan
Sajano Bashor,1985,Shahjahan Hirak
Muktir Kotha,1999,Catherine Masud
Shundarchan,2019,Shankha Dasgupta
Greenland Group,2017,Montazur Rahman Akbar
Soptodinga,1968,Karigar
Dangga Fasaad,1990,Chashi Nazrul Islam
Shubho Bibaho,2009,Debashish Biswas
Alankar,1978,Narayan Ghosh Mita
Bidhata,1989,Sheikh Nazrul Islam
Face to Face,2019,Bashar Georgis
Kartooz,2015,Bapparaj
Britter Bairey,2009,Golam Rabbany Biplob
The Dream of Possibilities: Padma Bridge,2020,Iqbal Munna
Ora,2021,Krishnendu Chattopadhyay
Pagrass Horror,2021,Tamjid Ahmed
Protisodh,2020,Shakil Ahmed Durjoy
Sikandar BoxSikandar Box Ekhon Birat Model 2.2,2012,Sagar Jahan
Aaj Amader Chhuti,1992,Humayun Ahmed
Near to Soul,2014,Bidrohi Dipon
Naat Bou,1982,Chotku Ahmed
Moon Behind You,2021,Hasin Mahtab
Protiggya,1980,A.J. Mintu
Social Business,2019,Amirul Arham
Take care,2020,Rubel Hasan
Niyoti,2018,Reehan Rahman
Lagam,1981,Mushtaq
Daak Peon,1975,Nazmul Huda Mintu
The Shadow,2014,Taha Ismail
Oporajeo,1967,M.A. Hamid
Disc,2020,Farhad Ahmed
Shukher Swargo,1996,Isphahani Arif Jahan
Shurjo Uthar Age,1970,Nazmul Huda Mintu
Commander,1994,Shahidul Islam Khokon
Slowmo Solaiman,2019,Rahat Mahmud
Un-Manush,2006,Mostofa Sarwar Farooki
Sorry Sir,2019,Kajal Arefin Ome
The Superstar,2012,Afzal Hossain Munna
Mental,2018,Sabuj Ahmed
Tanha,1964,Baby Islam
Dukhai,1997,Morshedul Islam
Excuse Me,2014,Hasan Kamrul
Praner Manush,2003,Amjad Hossain
Alta Banu,2018,Arun Chowdhury
Selfiebazz,2015,Wasim Sitar
Araler Antorale: The Inside Story,2013,Nahid Helal
Khuni Chairman,2004,Shahadat Hossain Liton
Sikandar BoxSikandar Box Ekhon Birat Model 2.3,2012,Sagar Jahan
Unexpected Story,2019,Mahmudur Rahman Himi
Life in Rainbow,2019,Razibul Hossain
Kusum Kusum Prem,2011,Mushfikur Rahman Guljar
Saudi Golap,2019,Sagar Jahan
The Singing Teacher,2014,Inshra Russell
Mad Boy: Relaunched,2020,Touhid Ashraf
Dhumaito Jibon,2014,Shrestho Arjo
Fao Girl,2020,Osman Miraz
Chelera Emonei Hoy,2020,Imraul Rafat
Ekti Fuler Golpo,2020,Wasim Sitar
Tajuddin Ahmad: An Unsung Hero,2007,Tanvir Mokammel
Diary of Love,2018,Borhan Khan
Predictable,2019,Redwan Sarker
Bobby,1990,Hashmot
A Dandelion,2021,Mohiuddin Pathan
Habib Wahid: Moner Kinaray,2019,Maruf Raihan
Noya Kutum,2015,Sumon Reza
Shopno Bari,,Tanim Rahman Anshu
Ma Mati Desh,1992,Shibli Sadik
The Unsung,2018,Ashraf Shishir
Kar Hashi Ke Hashe,1974,Anando
Rani Kuthir Baki Itihash,2006,Samia Zaman
Angule Angul,2019,Mabrur Rashid Bannah
Tomake Bou Banabo,2008,Shahadat Hossain Liton
Ekhane Akash Neel,1973,Hashmot
Ektu Hasho,2018,Mabrur Rashid Bannah
Dui Diganta,1964,Obaidul Haque
Zahid,2022,Sajidul Islam Pathan
Rini,2018,Mizanur Rahman Aryan
Evabey Bhalobasha Hoi,2010,Montazur Rahman Akbar
Mastan,1975,Ashok Ghosh
Nil Choshma,2015,Faisal Mahmud
Moha Milon,1995,Dilip Shom
Jonmosathi,2016,Shabnam Ferdousi
Bytes of Love,2021,Rakib Hasan
Shesh Prohore Chondrima,2018,M. Rahman Mizan
Alloy,2018,Azim Uddin
Bandhobi,2018,Vicky Zahed
THE IMPOSSIPUZZLE POSTER,2014,Krishnendu Chattopadhyay
The Father,1979,Kazi Hayat
Itikotha,1994,Mamunur Rashid
Kichuta Prem Bakita Bhalobasha,2019,Rupak Bin Rouf
Bidroho Charidike,2000,Mohammad Hannan
Baba thake bashay 2,2019,
Whereabouts of Nurul Kader,,Mahathir Haque
Ekjon Medhabi Chatrir Mrittu,2018,Montazur Rahman Akbar
Isa Khan,1974,Mohiuddin Ahmad
Swashur Bari,1991,Azizur Rahman
Bajaw Biyer Bajna,2010,Mohammad Hossain Jaimy
Just Chill,2018,Kajal Arefin Ome
Oie Jamuna,2002,Tanvir Mokammel
Shurjogrohon,1976,Abdus Samad
Mohan Choinik Chikitshok: Wang Pi,2008,Humayun Ahmed
Sikandar BoxSikandar Box Ekhon Cox's Bazare: Part 1,2012,Sagar Jahan
Jol Ronger Golpo,2016,Shetu Arif
Proneyo,2017,Majidul Islam Shadhin
I Am Business,2020,Shovon Ahmed
The Destination Wedding,2018,Wasim Sitar
Story of 1000 Days,2020,Mabrur Rashid Bannah
Ekti Tin Masher Golpo,2016,Mabrur Rashid Bannah
Moumachi,1996,Ehtesham
Fapor,2019,Raiyan Mahsud
Haar Naki Jeet,2016,Mabrur Rashid Bannah
Rising Silence,2019,Leesa Gazi
Golapi Ekhon Dhakai,1994,Amjad Hossain
NAOHA: Kalo,2019,Pracheta Ahana Alam
Love,1991,Sohanur Rahman Sohan
Sedin bristi chilo,2014,Shahin
Ajob Sundor,,Shabnam Ferdousi
Reunion,2020,Mohammad Sakib Al Islam
Journey by Launch,2017,Naznin Hasan Chumki
All About Love,2017,Mabrur Rashid Bannah
Emiler Goenda Bahini,1980,Badal Rahman
Amar Shopno Tumi,2005,Hasibul Islam Mizan
Shikolbaha,,Kamar Ahmad Simon
Alor Pothe,2021,Apee Ahmed
A City of Tradition Brahmanbaria,2019,Kawsar Dxo
Teardrops of Karnaphuli,2005,Tanvir Mokammel
Manusher Bagan,2020,Nurul Alam Atique
Qurbani,1985,Dewan Nazrul
Bou - The Wife,2020,
Bela Seshe,2017,Parag Biswas
Bangla,2006,Shahidul Islam Khokon
Bhoyanok Songghorso,2002,Montazur Rahman Akbar
Shikriti,1972,Azizur Rahman
Stroy of a stone,2020,Rownacur Salyhen
Devdas,1982,Chashi Nazrul Islam
Puppet,2016,Razib Ahsan
Vule Vora Golpo,2018,Monjurul Hasan Milon
Je Golpota Bola Hoyni,2019,Tuhin Hossain
Mayer Hate Behester Chabi,2009,F.I. Manik
Dabi,1978,Dilip Biswas
Digital Business Theory,2016,Md. Miraj Rahman
Ek Mutho Bhat,1976,Ibne Mizan
Password,2020,Shovon Ahmed
Wish - Tawkir Alif (Official Album Release),2021,Tawkir Alif
Lakhe Ekta,1990,Kazi Kamal
The Last Act of Love,2015,Borhan Khan
Last Night,2021,Tawkir Alif
Ma Amar Behest,2007,Jambas Kajol
Radha Krishno,1992,Matin Rahman
Boishommo,2014,Adam Dawla
Shontrash,1991,Shahidul Islam Khokon
It is My Love Story,2017,Mabrur Rashid Bannah
Shilpi,2021,Mohidul Mohim
Unexpected Surprise,2019,Mahmudur Rahman Himi
Shuorani Duorani,1968,Rahim Nawaz
College Bunk,2019,Kajal Arefin Ome
Bashira,1996,Montazur Rahman Akbar
Goodbye Dhaka,,Proshoon Rahman
Bidrohi Salauddin,2006,F.I. Manik
Unmarried,2015,Wasim Sitar
Adam Surat,1991,Tareque Masud
Bondini,1976,Mushtaq
Tyag,2004,Shibli Sadique
JoloGuerrilla'71,2021,Sumon Delwar
Saiful Mulk Badiuzzamal,1967,Azizur Rahman
Arun Barun Kironmala,1968,Khan Ataur Rahman
Dayee Ke?,1987,Aftab Khan Tulu
Luminary Wayfarers of Darkness,2015,Ahmad Rony
Tableau Vivant,2017,Debashis Das
Bishkonnar Prem,1986,Nur Hossain Bolai
Tin Konya,1985,Shibli Sadique
Life is Painful,2021,Kaniz Fatema
Bangladesh Ngo Foundation: Seminer & Research Report Launching,2020,Montazur Rahman Akbar
Portal,2020,Farhad Ahmed
Purnodoirgho Prem Kahini 2,2016,Shafi Uddin Shafi
Bosundhara,1977,Subhash Dutta
Khodar Pore Ma,2012,Shahin
Dui Bodhu Ek Swami,2003,F.I. Manik
Kabuliwala,2006,Kazi Hayat
Palanka,1975,Rajen Tarafder
Balighar,null,Arindam Sil
Jaago,2010,Khijir Hayat Khan
Gunai Bibi,1966,Syed Mohammad Awal
Shopner Ghor,2018,Taneem Rahman Angshu
Premik,1985,Moinul Husain
Alor Michil,1974,Narayan Ghosh Mita
The Dood,2021,Faisal Alam Dihan
Ayna,2006,Kabori Sarwar
Simantorekha,2017,Tanvir Mokammel
Ashique Priya,1993,Awkat Hossain
Sultana Bibiana,2017,Himel Ashraf
Kajer Meye,1999,Azadi Hasnat Firoz
Sokhi Tumi Kar,1980,Abdullah Al Mamun
Amar Praner Priya,2009,Jakir Hossain Raju
Bhalobasha Dot Com,2003,Debashish Biswas
Ekti Cinemar Golpo,2018,Alamgir
Krishnopokkho,2016,Meher Afroz Shaon
Dui Noyoner Alo,2005,Mustafizur Rahman Manik
Female,2021,Kajal Arefin Ome
Love in Shimla,1975,Abul Bashar
Hotat biye,2020,Osman Miraz
Agun,1976,Mohsin
Meghla Akash,2001,Nargis Akter
Bahattor Ghonta,2011,Maksud Hossain
Iblis,2022,Rabbi Khan
Shopner Bashor,2003,F.I. Manik
Chand Aur Chandni,1968,Ehtesham
Major Saheb,2002,Montazur Rahman Akbar
Package Songbad,2000,Shamima Nazneen
Janibih,2021,Maruf Parvez
Premer Taj Mahal,2002,Gazi Mahbub
Carrom,2006,Mostofa Sarwar Farooki
Eye Light,2020,Rownacur Salyhen
Sat Bhai Chompa,1968,Dilip Shom
Mughal-E-Azam,2010,Mizanur Rahman Dipu
A State Is Born,1971,Zahir Raihan
Buker Vitor Agun,1997,Chotku Ahmed
Kuwasha,null,Shahiduzzaman Selim
The Phaneron,2017,Rahat Rahman
Shuvaa,2006,Chashi Nazrul Islam
Char Sotiner Ghar,2005,Nargis Akter
Olpo Olpo Premer Golpo,2014,Saniyat
Masud Rana,1974,Sohel Rana
Shesh Khela,1992,Nur Hossain Bolai
Injection,2020,Mehedi Hassan Hridoy
Lal Kajal,1982,Matin Rahman
Ainer Dorojay,2019,Saiyeed Shahjada Al Kareem
Somudro Bilash Private Limited,1999,Humayun Ahmed
Tok Jhaal Mishti,2005,Debashish Biswas
Akash Chhoa Bhalobasa,2008,S.A. Haque Olike
Hridoy Amar,1995,Dilip Shom
Pirates: The Blood Secret,2010,Noman Robin
Darshan,1967,Rahman
Me & U,2019,Kajal Arefin Ome
1971,2011,Tanvir Mokammel
Aaj Gaye Holud,2000,Mohammad Hossain
Mayer Chokh,2010,Montazur Rahman Akbar
Shasti,2004,Chashi Nazrul Islam
Surrender,1987,Zahirul Haque
Chitra Nodir Pare,1998,Tanvir Mokammel
Chandni,1991,Ehtesham
Ashami Bodhu,1999,Alamgir
Osthir Shomoy Shostir Golpo - Kotha Hobe To?,null,Masuma Rahman Nabila
Fand: The Trap,2014,Shafi Uddin
Apon Manush,2017,Shah Alam Mondol
Kal Shokale,2005,Amjad Hossain
Jannat,2018,Mustafizur Rahman Manik
Prem Juddho,1994,Jibon Rahman
Kheya Ghater Majhi,2003,Arif Mahmud
Shopner Thikana,1995,M.A. Khaleq
Life without Dreams,2017,Sheikh Surfuddin Reza Ali Chowdhury
Mrittupuri: Kill Zone,null,Zayed Rizwan
Notun Bou,1983,Abdul Latif Bachchu
Maw Theng Gaari,2015,Aung Rakhine
Full & Final,2013,Malek Afsari
Koshai,1980,Amjad Hossain
Bodhu Biday,1978,Kazi Zahir
Molla Barir Bou,2005,Salauddin Lavlu
Zero Degree,2015,Animesh Aich
Abar boshonto,2019,Ananyo Mamun
Bini Sutar Mala,1980,Fakrul Hasan Boiragi
Heera Amar Naam,2005,Sharifuddin Khan Dipu
A Boring Film,2020,Mahde Hasan
Blind Road,2021,Borhan Khan
Pagol Manush,2018,M.M. Sarkar
700 Taka,2018,Nuhash Humayun
Rajotto,2014,Iftakar Chowdhury
Moronottom,2021,Mamunur Rashid Rokon
Biyer Phul,1999,Matin Rahman
Shohore Tukro Roud,2021,Noor Imran Mithu
A Scribble Story,2019,Faridul Ahasan Shourav
Jinner Badshah,1989,Abdur Razzak
Paatshala,2015,Faisal Roddy Asif
Shurjokonna,1977,Alamgir Kabir
Desha: The Leader,2014,Saikat Nasir
The phoenix,2019,Apurba Pal Arko
Ramer Sumoti,1985,Shahidul Amin
Shei Rokom Cha Khor,2012,Maruf Mithu
Chakori,1967,Ehtesham
The Speed,2012,Sohanur Rahman Sohan
Lalu Mastan,1987,A.J. Mintu
Asha Bhalobasha,1995,Tamijuddin Rizvi
Made for each other,2021,Mabrur Rashid Bannah
Ekti Opohoroner Golpo,2021,Muhammad Sohel Khan
Pagla Ghonta,1999,Shahidul Islam Khokon
Chandranath,1984,Chashi Nazrul Islam
Nantu Ghotok,1982,Gazi Mazharul Anwar
Rajlokkhi Srikanto,1987,Bulbul Ahmed
Abar Bhalobasar Shad Jage,2021,Tuhin Hossain
Dure Keno Chole Jas,2021,Ariyan Mehedi
August 1975,2021,Selim Khan
Start!,null,null
Ohongkar,2017,Shahadat Hossain Liton
Ghure Daranor Golpo,2018,Mizanur Rahman Aryan
Plural No. 3rd Person,null,Musfiq R. Farhan
Team Possible,null,Rahat Rahman
Priotomeshu,2009,Morshedul Islam
Disco Dancer,1994,Montazur Rahman Akbar
Maya,2016,Vicky Zahed
Best Friend 3,2021,Probir Roy Chowdhury
Bondhu Amar,1992,Awkat Hossain
Osthir Somoy Shostir Golpo: Hotel Albatross,2017,Nuhash Humayun
Duratta,2006,Morshedul Islam
Hear My Cry,2020,Abdullah Zubayer
Shontaner Moto Shontan,2019,Shahin Sumon
Mayer Odhikar,1996,Shibli Sadique
Fatefully Yours,2011,Jobaer Alam
Chandraboti Kotha,2019,N. Rashed Chowdhury
Blossoms from Ash,null,Noman Robin
Puroshkar,1983,C.B. Zaman
Next Turn,2021,Sakibul Hasan Shafin
Khacha: The Cage,2017,Akram Khan
Purnodoirgho Prem Kahini,2013,Shafi Uddin Shafi
Dhonni Meye,1975,Babul Chowdhury
Cloud Nine,2015,Razib Hasan
Touba,1986,Azharul Islam Khan
Talash,1963,Mustafizul Haq
Bamboo Stories,2019,Shaheen Dill-Riaz
Only Me,2019,Kajal Arefin Ome
Princess Tina Khan,1984,Akhtaruzzaman
Boysondhi,2015,Emran Emon
Heyy Bangladeshi,2021,Sarker Tahsin
Rakkhushi,2006,Matin Rahman
Hason Raja,2002,Chashi Nazrul Islam
Game,2015,M. Sharfuddin Anik
Vober Hat,null,Rahmat Ali
Trophy,2020,Vicky Zahed
Raja,2021,Mahmudur Rahman Himi
Ae Desh Tomar Amar,1959,Ehtesham
Damal,2021,Raihan Rafi
Janata Express,1981,Azizur Rahman
The Typist,2020,Nayem Haque
Couple of the city,2021,Preety Dutta
Monkey Bizness,2015,Rahat Rahman
Lalu Bhulu,1983,Kamal Ahmed
Meyeti Ekhon Kothay Jabe,2017,Nader Chowdhury
Doctor Bari,2007,Azizur Rahman
Je Shohore Taka Ore,2020,Sanjay Somadder
Girlfriend jokhon vabi,2021,Osman Miraz
Namhin Gotrohin,null,Razib Ahsan
Lucky Bhai,2019,Imraul Rafat
Jahan Baje Shehnai,1968,Rahman
Chhutir Phande,1990,Shahidul Haque Khan
Roktakto Bangla,1972,Momtaz Ali
Rubberband,2018,Sunny Ray
"United Red Army (The Young Man Was, Part I)",2011,Naeem Mohaiemen
Breaking News,2021,Rubel Hasan
Chandon Diper Rajkonna,1984,Ibne Mizan
Sunglass,2020,Kajal Arefin Ome
True Love by Freelancer Nasim,2019,Freelancer Nasim
Surviving 71,null,Wahid Ibn Reza
Mr. Bangladesh,2018,Abu Akhtarul Iman
Kokhono Na Kokhono,2019,Tahsin Rahman
Sneho,1994,Gazi Mazharul Anwar
Bazarer Coolie,2012,Montazur Rahman Akbar
Kala Koitor,null,Meher Afroz Shaon
Most Welcome,2012,Ananya Mamun
Harano Din,1961,Mustafizul Haq
Kashfuler Shohor Dekha,2021,Naimul Banin
Pyasa,1969,Nazrul Islam
Tumi Amar,1994,Zahirul Haque
Bangla Byakoron,2019,Sajidul Islam Pathan
Best Friend 2,2019,Probir Roy Chowdhury
Ek Cup Cha,2014,Noyeem Imtiaz Neamul
Matir Putul,1981,Abdus Samad Khokon
Moroner Pore,1990,Azharul Islam Khan
Kaler Putul,2018,Reza Ghalib
Sondhi,1987,Gazi Mazharul Anwar
Zarina Sundori,1966,Ibne Mizan
Bismoy: Astonished,2017,Abyed Hasan Nirjhor
Sona Bondhu,2017,Jahangir Alam Sumon
Swopnodanay,2007,Golam Rabbany Biplob
Tulite Aka Swapno,2007,S.A. Haque Olike
Kaji Saheber Tin Putra,,
Mayer Samman,2001,Gazi Jahangir
Bou,2020,Rubel Hasan
Adorsho Chhapakhana,1970,Mustafa Mehmood
Tritio Matra,2009,Zillur Rahman
Life Support,2018,Mezbah Shikder
Cover by Iftekhar,2020,Yamin Elan
Aradhona,1979,Raju Siraj
Marcel Ha Show,2019,Jahangir Chowdhury
Ghuddi,2019,Osman Miraz
Boner Moto Bon,1989,Darashiko
The Adventures of Montu Miah,2001,Javed Mahmood
Bajirao Mastani,2012,Mizanur Rahman
Jokhon Kokhono,2018,Rahmatullah Tuhin
Two Wheeled Vehicle,2015,A.K. Shubha
Millennium Bomb,1999,Ferdous Hasan
Bibek,2014,Saif Suman
Cycle,2011,Moheen Reeyad
Chashir Meye,1975,Babul Chowdhury
European University of Bangladesh Documentary,2016,Borhan Khan
Pounopunik,2016,Khandaker Sumon
#iScream,2014,Gibran Tanwir
Maroon,2021,Mahmudur Rahman Himi